,P.Mut.TP53,P.Mut.KRAS,P.chr5.amp.single.1,P.chr8.amp.single.1,P.Mut.EGFR,P.chr14.amp.single.1,P.chr18.del.single.1,P.chr1.amp.single.3,P.chr13.del.single.1,P.chr15.del.single.1,P.chr17.del.single.1,P.Mut.STK11,P.Mut.KEAP1,P.Mut.RBM10,P.Mut.SMARCA4,P.Mut.ATM,P.Mut.NF1,P.Mut.PTPRD,P.Mut.ARID1A,P.Mut.PIK3CA,P.Mut.PTPRT,P.Mut.BRAF,P.Mut.EPHA3,P.Mut.SETD2,P.Mut.MGA,P.Mut.FAT1,P.Mut.RB1,P.Mut.MET,Seeding,Sampling
P.Mut.TP53,-1.4935684543190304,-0.9663674239080725,-0.6494227783851201,-0.25689757174121053,0.004629573833490364,-0.3888887799148712,-0.4885664677622518,-0.0019129187626726806,-0.3959316361395208,-0.0015854489389220397,-0.003895708075803025,-0.31099986589705375,-0.003324066395908829,-0.18587985467315743,0.00027895242005440164,-0.2606507092423879,0.0077221635163022455,0.00296473465983374,-0.0014228834213026364,-0.002730230013596656,-0.0011849043298827171,-0.0012354790540393663,-0.0023056265766873314,-0.19385108242525503,-0.0009577159863417598,-9.421422927639518e-05,0.0016043579946434644,-0.0022821023454630716,-0.9296214921374949,-1.4940933951770001
P.Mut.KRAS,-1.1625005955043406,-1.4897378342950613,-1.0338583289944951,-1.0413413136418816,-2.855240735544992,-0.0023962724768110577,-0.28109055686882994,-0.01203799481495984,-0.2654922167418207,-0.2428286058095383,-0.0030775319408958444,-0.000492889362920993,-0.0010041993789999374,0.001313516846512164,0.00040622703973388594,0.0010729079034391983,-0.006282042276785891,-0.0011997235631925622,-0.0010492638558468597,-0.001025336208077824,-0.0017534628780758686,-0.40506092196616217,-0.0012112550799728268,-0.02568351282292481,-0.00034717744853183933,-0.0010009003268781557,-0.0007465999768543066,-0.8027210351665409,-1.3803462683421548,-1.0647107369924285
P.chr5.amp.single.1,0.36765107983543116,-0.38814075172021395,-2.802414374675604,0.6378702248352469,0.061834387750939544,0.009332695744938165,-0.0011938294914947117,-0.00205106675698047,0.0037639001345403738,0.00047212298428657277,-0.002100959409118477,-0.058248510773322965,-0.2705178637670832,0.0009919411472755167,-0.0036609638743793195,0.0015667869261101178,8.044471763542693e-06,-0.0010138095809260523,0.0009118953801080184,-7.625430751723201e-05,6.924212966099414e-05,0.0016006985819408748,0.0012089347216452532,-0.0041289266917515595,0.0019154696184481247,0.00016049286350052573,1.2050343516916195,0.025893579211292934,-0.3493158435669012,0.0
P.chr8.amp.single.1,-0.0006534166553111933,-0.0011734534663399474,0.003492335553313895,-2.789666289482164,-0.0062419312967560365,-0.0007926475287937929,0.21057490145048816,0.0004390247702087098,0.004943954455827784,0.005508665775986416,-0.0012997465831560962,0.09934615873637345,0.001685336649332764,-0.058181088223668166,-0.0023854051106587757,-0.00047165121868285455,0.002361982460608586,0.0012378717746909743,-0.0006884606346613275,-0.0008556528692812539,-0.0068215278733933064,-0.0019886622691143207,-0.013996811592807313,0.00023910274861916147,-0.00036551053274127876,0.0001748147189155071,-0.0018784097713371879,0.0007914618037952285,-0.23167616042694567,0.0
P.Mut.EGFR,-0.09969827974069473,-3.385611063808052,-0.7858481468175805,-0.7453424389495733,-1.2528617237915982,-0.5322039014457279,-0.42812351877397614,-0.0939709144470555,-0.0038149522612284156,-0.0576588189995006,0.0001146669160678403,-1.5517951464974238,-1.0646673169243168,0.0016349573779195466,-0.001933681065595239,-0.0024019654402154603,-1.055213034072133,-0.0031166239228229077,-0.011274938481479674,-0.00014741254069802317,-0.003340208081420948,-0.7625874798224163,-0.020958143534327327,-0.6660177347911629,-0.018006123351759856,-0.01939465508997116,-0.0009878728091017132,-1.2224568681969996,-1.715654159326835,0.0
P.chr14.amp.single.1,0.08814624770686685,-0.37863763222437846,-0.0014182718067806957,0.8683737888548994,0.7140922166435948,-3.1575912461348254,-0.001066907330368041,-0.0009819196093071641,0.0019364012312621348,0.0009548230149343678,-0.0015238327054043314,-0.007914409447868167,-0.0012564687546761004,-0.0006484590083632915,-0.0037240607379678973,-0.0001466592335400236,-0.0018149796916394892,0.0008518611440426091,0.003543033989555464,-0.001955342890751248,-0.0004591395034815182,-0.001039961252773145,-0.0026774579914340783,-0.0009977451784486837,1.3838309934847032e-05,-0.0018112516987414424,-0.002051432170621592,-0.0017280563471710763,-0.09040288631724896,0.0
P.chr18.del.single.1,-0.018430572799175777,-0.420409985041858,-0.00016809509664169925,-0.0040943969591768796,0.0010050675485373908,-0.10615788207253865,-3.506111052790243,0.0009504315092984915,2.2732804433120144,0.012794025306076994,-0.002851518020791354,-0.0013349122078410232,0.0005173779769778573,0.0015217947497211631,-0.0003396103989808909,0.0031914662756823246,-0.0017202824591316627,-0.001015902185528986,-0.00021785704055387827,0.0009460206169182187,-0.0021274107347547706,-0.0020729285261415803,0.0006665235697671986,0.0014739036326193303,-0.054799922689273646,-0.0003483852944176229,-0.0006779305342423975,0.001428610783877687,-0.19725212534963135,0.0
P.chr1.amp.single.3,0.00124388666145761,-0.0028099901181036584,-0.1060631322660987,-2.6153762113345093e-05,-0.04518341757116252,0.7934453428252162,0.29832717994914587,-3.5924415443846294,0.008879622149933705,0.0030373915990144964,0.000900996328656117,0.2872250619417069,0.7228071427419333,-0.006256927111248479,-0.0007710259562138158,-0.0010515164691497648,-0.0015685049010853121,0.01817580084080637,0.00036156543038128616,-0.0005732189650504947,0.0006271669021982106,-0.00011001159582247868,0.0005691130848737686,-0.0012828820270497532,-0.0005107401715183262,-0.0012766655218514184,0.0013682822300635524,-0.003999053539072962,-0.14648141561242292,0.0
P.chr13.del.single.1,0.00253425345830349,-0.001768017630776181,0.00013810890371392472,0.01765444094382742,0.5295834910085918,0.027277625130810047,-0.007350709575703001,0.5623311967591926,-3.738847331600527,1.962557527154316,-5.220092291156658e-05,-0.002291417194816706,0.0005054845458686372,-0.004492201906680369,-0.0015162356876846118,0.0027394014737914946,-0.0010861305174418782,-0.0030390893820564247,-0.48609060393088266,-0.0014582078759425422,-0.00046546724980465673,0.001474132518165619,0.0012363712842249793,-0.0005715599570029228,-0.0015163626972907833,6.009474839817792e-05,-0.0007811288114376531,0.0004212226566947847,-0.48259623051462597,0.0
P.chr15.del.single.1,0.14939049558066858,-0.04905667632384328,0.0010827846826907271,0.014160518609780574,0.001148064688855304,0.0058967068574604315,2.1031257323141306,-0.001173165246189613,-0.015643951488459366,-3.8688674685113678,-0.001474083818097794,-0.01666266138446682,-0.48895414101596313,0.0006156978315890393,-0.0028163290061159326,0.0029843598077900053,-0.0008541111767336837,0.0004908000867707502,1.4211172756624432e-05,-0.00146038340616123,0.0023077042264450735,-0.0012656265352227725,0.002115434744969033,0.0003233730327034963,0.001944777907099436,-0.0019323796693806112,0.0005538340485289164,-0.0008206144826393478,-0.1637202677728668,0.0
P.chr17.del.single.1,-0.004534324205507008,-0.003968882971339158,-0.0003186112009355987,0.2000426073607164,0.0046666167076887645,0.003543091096979297,0.8546707687585839,-0.0022460314079253757,1.2942132167280516,1.373009716348904,-4.315054593740568,-0.001143976639291108,-0.001891759415438104,-0.013687248547531108,0.0006136316518848034,-0.00010325382867778956,-0.003115755601879466,-0.0009095287643913207,-0.0052615257899457845,0.002167724226757334,-0.0011228191954909183,0.0005847358664647467,-0.0015396250876705657,0.00014811617550414074,-0.00013599413576251303,-0.000543463419367211,-0.0017397004055220826,-0.002056654623778563,0.000442216189607432,0.0
P.Mut.STK11,-1.3950874037260415,0.1788817875260033,-0.0028502631033724014,-0.0017058675386063644,-1.784927040324237,-0.7055801927894167,-0.003380230346646674,-0.0004866496749199885,-0.00448860558687137,-0.0024557296837014646,-0.0010857153361545806,-3.1268666801903726,1.8083364654783964,-0.011079240340225921,0.0021082781408398414,-0.004370354906040682,-0.0015626008609058088,0.0013326045873878205,-0.0009838340115256314,-0.000978219577192105,0.0010427328920788411,-0.0003904789483028684,-0.0009618925693603974,-0.001644369621703792,-0.000979876845667892,-0.0013034629942067257,-0.0007754425949532486,-0.0038191568074806793,-0.5300423065610695,0.0
P.Mut.KEAP1,-0.26385689663234624,0.0019028624302135152,-0.0028779359346248245,-8.581906896021094e-05,-1.616997992807659,-0.38852064854123347,-0.0003721256397922786,0.0002597330374419451,-0.0008126220016981136,-0.0007488271921278148,-0.001706412065396353,0.9485077516788405,-3.7262316404910387,-0.003490896170985833,0.005545087038741886,-0.003363181724949531,-0.0005077805274292041,-0.0004562160803996696,-0.0010531136289169039,-0.00028435095874040987,2.6537138385277013e-05,-0.001099763775880803,0.0002633728034162634,-0.0008269220654362971,-0.0008471459478873962,-0.00026334743597547115,-0.0008095954192319919,-0.002053519256319877,-0.6144255218566819,0.0
P.Mut.RBM10,-1.3578726876455811,0.0018529059926513463,-0.005929463036690185,-0.0016387137827996788,-0.0030301223508271856,-0.09086333001713764,-0.002284311621996452,-0.002087500740405574,-0.08705789789726098,-0.002034173959711369,-0.0019295255785013706,-0.39221495046563354,-0.004115206837610176,-3.328399963750457,0.000999786342260312,-0.00023896165788542752,0.0011784106320800846,-0.0022472186826255143,0.00019150640042287686,-1.7090729902660015e-05,-0.00020089570514026658,-0.000584888621316234,0.0006022402206731023,0.0015071417902482837,0.001201701963089562,-0.001198216841156178,-0.0005669691906092365,-0.0014008025124425565,-1.197343329866001,0.0
P.Mut.SMARCA4,-0.7080567271060286,0.010745546920934558,-0.0030235786958065446,-0.0004781990876289535,-0.4275180565034467,-0.017681815280461418,0.0006459855598176422,-0.0004848305793218709,-0.00019652543690357708,-0.0009742641814481591,0.0005991703696745515,0.0030620481270808224,0.006066212680626543,9.599919949954361e-05,-4.7186980011104795,-0.0011253384698988076,-0.0009800164045789823,9.343942934728453e-05,-0.00027989269647638233,-0.0006325066976806355,0.00016046805340778946,-0.00031125661056996827,-0.000317715561650504,0.0007449049119922448,0.0001598947677075851,0.00021436261661160268,-0.00032631252761486737,-0.0007516378970655194,-0.00047642610732550315,0.0
P.Mut.ATM,-0.3895433168281887,0.3904970367047724,-0.0010914940860137384,-0.015879657771420964,-1.0672913348995134,-0.0008032905457834241,0.0003709341926349707,-0.0006176813495274313,-0.00028881938908830644,0.0016605314994632262,-0.0005954130148146103,-0.00032989209765064086,-0.0033996830356728507,0.00021846860404421182,-0.0012479730097485545,-4.323343776352977,-0.0003660324102633607,-0.00179508755545731,0.00010310760554520617,-0.000781223149552472,-0.00044130107060974847,0.0006741383694679571,-0.0009454896202510469,0.00015173112744272643,0.0012180009251358636,0.0004919354071963905,0.0002929040712449306,0.0005198722260713451,-0.004227300715783357,0.0
P.Mut.NF1,0.0001356448931313583,-0.2075584976827133,-0.0014408686564252968,-0.001267075766881935,-1.2610650373917336,-0.001279936015554112,-0.0027133189022723065,-0.0015557100538120552,-0.0014215137331726364,-0.001820925053318985,-0.0018165377309156338,-0.006935088359031987,-0.001829381591551602,0.0001875101301189498,-0.0010173823481646176,-0.0010117926926855607,-4.148689032719573,0.0010191466510321575,0.001983419713952093,-0.0007180097763481209,-0.00016712918852861028,0.0006366604728429264,0.0002320854800618118,-0.0006122202598613521,0.0012425305417256545,0.0004286504869956025,0.00025026036118483294,-0.0009609721958067227,-0.4856117726183052,0.0
P.Mut.PTPRD,0.003706102178531646,-5.821588055278062e-05,-0.001202668601103957,-0.0006380927054267825,-0.6053897183091118,-0.0005364680246153311,-0.0012605211987160312,0.0011862886162905368,-0.004643922494086825,-0.0011530808961814835,-0.0008066544491003525,0.001068741955978635,0.0011675366252903625,-0.002856806373717078,0.00024268998125139313,-0.0015666813231638294,0.0014476367337659952,-4.417045547914425,0.00025698189570108295,-0.0006288369043213512,0.0038772239497553637,-0.000374038553297276,0.00036627529041641607,-0.0008151926752194731,0.001525617613200785,0.0013379478599827054,0.0005271182267217612,-0.0010436436608075256,-0.6508870916206304,0.0
P.Mut.ARID1A,-0.00021837462556831147,0.0006816762667225545,-0.000541396449191638,-0.0009779433265383896,-0.7182136465635082,-0.0014598092795820086,-0.002499113432080355,-0.0004754265339380938,-0.003249468439124918,-0.0016947072967798539,-0.002878545649550789,-3.5261621086896e-05,-0.0005428332412990782,-0.0004376395009528965,0.00042192008697522406,0.0007031624662634601,0.0014204263613394634,-0.0002626940910145535,-4.578602122589908,0.002322517460858062,-0.00038989201416667535,0.00022613241705667547,0.0002327495815575243,0.0021320945552089684,0.0005370277971324207,0.0009113961484082899,-0.0005478544435893726,-0.0008336657642585744,-0.00044997231707774143,0.0
P.Mut.PIK3CA,-0.0012318207889107666,-0.0016330094173624043,0.0004920323299866683,-0.0028024302883341502,0.0006648915641879025,-0.023634689118032445,-0.004087575353336706,-0.0008906761177029359,-0.0022917746386671815,-0.0020708218053983756,-0.0004481172533838013,-0.0017341011545404421,-0.0009277667130498683,0.0005172343454671348,9.753329608728939e-05,-0.0003126897082423682,0.000544183989029814,-0.00012629111640589992,0.0026912043594206317,-4.461908186545673,-0.0004946834056685727,0.0012449514369657021,-0.0005841268724843935,0.000806774522124568,-5.051358028497588e-05,0.00036490936600330905,0.0014006265788406099,0.0007751726316216172,-0.6420818678988504,0.0
P.Mut.PTPRT,-0.02066519562742481,0.0013428195918928207,-0.001826468586986084,-0.003007743678380117,-0.9595608498402086,-0.002548304660477764,-0.0017685147160356098,0.0006676697288441598,-0.00017803828319046657,-0.0005578425594540399,-0.0014049703938360254,0.003017027344165736,0.0005221871261069575,-0.0005758536113532745,0.00026159118077862724,-0.0004984522872965001,0.000432834555118733,0.0031711119287637403,-0.0003213702701704294,-0.0003075408648522062,-4.562577841447105,0.0003043218550350919,0.0020748278621276653,-0.0002585003473349867,0.0019782072932288284,0.0009408583021430489,-1.5908519197323498e-05,0.0005971903002732456,-0.2399139357379105,0.0
P.Mut.BRAF,-0.4027966544069903,-0.002869647038381511,-0.0015903443854544015,-0.012845491476808437,-0.7184926380931397,-0.005317124714963076,-0.00198067074498984,-0.000526501512589482,-0.0018573149029671053,-0.0013828981267590943,-0.0012479124640253864,-0.0004607460769767002,-0.0008641119246091707,-0.0004981402662516773,-0.000249973837613922,-0.0010117291281263431,-0.00017649513522952583,-0.0004256077485524661,-0.0003313043617884102,-0.00030099180579926837,-0.0004367277597961144,-4.6057248564693785,-0.0005981134108002856,0.020409631188759242,-0.0006347577568116377,0.0003985462755172354,-0.00046769395164316177,-0.0006741200904551155,-0.6378805224120394,0.0
P.Mut.EPHA3,-0.0001566162687065403,-0.00010926574234031042,0.00031006947271259027,-0.0006575435213988444,-0.34584191691177923,-0.0014433832301648018,-9.802454983408398e-05,-0.0003988898638367388,-2.1173595172316035e-05,0.0001631135642551181,-0.0006597017003895191,-0.0002231027970420131,0.0019684464757225733,0.0005812841822148267,0.0005498578294933921,-0.0008189485259356989,0.0011251917656649312,0.0003680777207165791,-0.0004009611984596667,-0.00034910571540814066,0.0024824480639273807,-0.0006021912974955176,-4.500016025222536,-0.00035407128105767417,0.00160739783791877,0.0010187040891431502,-1.840458663842296e-05,0.0010022563813658727,-1.429797416882689,0.0
P.Mut.SETD2,-0.3833540418235274,-0.0015523857535917898,-0.05537211703443051,-0.0019727471681473905,-0.4668627499912603,-0.32761467464414173,-0.0002080893188694773,-0.005448922493897051,-0.000997716588794332,-0.0009342023994344314,-0.0005456403594101619,-0.012361361063892996,-0.0016757771213041306,0.002458473319623071,0.0015519549249401912,-0.0008636998617810865,-0.0007165050546132231,-0.0009886528972184274,-2.126002208323331e-05,0.0006625455176875986,-0.00035068897103573537,0.00339989328098551,-0.0006050399587021101,-4.379013915064582,0.00011747630080840252,-0.0004115572680269814,-0.0005744481803675326,-0.0008999576387054852,-0.5995912595034993,0.0
P.Mut.MGA,-0.0005108959433138232,0.000969100972406289,0.0013086684406131413,-0.0008884159785463075,-0.02068092161836336,-0.0012971362298307412,-0.002645520025905919,-0.0007182617975163813,-0.001758806344164228,0.0004896281421980571,-0.0011298863992188345,-0.0008025964895062295,0.0001174766224403545,0.0003320479656694635,0.00033786819269803647,0.0003566259564848032,0.001789938864214146,0.0016325922618276162,0.00011951321856017978,-0.000730174134240644,0.0024561211211759568,-0.0005213110384778685,0.0017388679069806252,-0.00044984803860555585,-4.797594947839425,0.0011225161888133493,0.0008895456708883443,0.0011790102082394713,-0.6140310846721341,0.0
P.Mut.FAT1,-0.0009252940568798442,0.0014521239157573136,0.0007611477363646523,-0.0014584085375894426,-0.6149576069909434,-0.0011078245945088541,-0.0014579210350692152,-0.0007696515159587265,-0.0003172303799555556,-0.0008229370200524818,-0.0008540593269937895,-0.000612356050236805,-0.00015201527621849748,-0.001238252302811534,0.00029189897031211073,0.0005089734862130166,0.0005811113488541164,0.0012263201439847448,0.0011752911048722823,-0.00032482345772524536,0.0011001504391007226,0.000577123737316249,0.0009373771119707388,-0.00026111450528106184,0.0009491358282095377,-4.774363888268264,0.0003917473306122094,-0.00017204259288055484,-0.8788149330417706,0.0
P.Mut.RB1,0.9153463505802601,-0.002419436367148361,0.0008952550956550532,-0.0018445562113435902,0.002310464512660303,-0.00019722255586341063,6.35395945417986e-05,0.0010158396743344862,0.0004857360385640371,0.00118126105615201,-0.00018308152974333322,-0.002513854964477047,-0.0012010165154290858,-3.933124041504269e-05,-0.00032111005158741836,-0.0005171300136269632,0.00021130754151949267,0.0006221927046782488,-0.00028298641833508027,-6.96662334315721e-05,-7.361845699411921e-06,-0.0006358846701794124,0.00010380557994787451,-0.0005833075261690506,-6.907861654064228e-05,0.0006783215755824452,-5.384015322833558,0.0004336586067036597,-0.8611737825659294,0.0
P.Mut.MET,-0.45035128862610196,-1.228129938543078,0.0007101243568395861,-0.0032033947392703533,-1.217422888930776,-0.009868790781120407,-0.0006720772508551411,-0.0018797311818370735,-2.9600957767355945e-07,-0.0011778562920307161,-0.0008643387893693002,-0.008602275611118386,-0.0026434678833477084,-0.0005059115670808122,-0.000677045213397344,0.00047066124967012224,-0.001174483795286854,-0.0010285317016729212,-0.0007562967139335236,0.0006085512870110272,0.0002785708537410167,-0.00012855309931951832,0.0003513288914430829,-0.0008978405140186058,-5.407503630558682e-05,-0.00041084382602928787,3.0547221730504174e-05,-4.0922874300912575,-0.7814482083323642,0.0
Seeding,0.5478634287054562,-0.2006245773977214,-0.009925647127153882,-0.045324207460164176,0.626694312390262,0.002812186693171944,-0.05169755825664185,-0.6258288849070868,-0.056099676042638644,-0.8220889443439903,-0.08746299363110972,0.08797552379336818,0.09859373145551271,-0.1721535095233008,-6.649333668113321e-05,0.002583622411396992,0.00014169540251205085,-0.0006341865787180711,0.0017696763901756218,-0.0006972251520096505,-0.0011146885988141079,0.0022283572732604137,-0.0026073157486182657,0.001803147173847253,-0.0017667002131312372,-0.0013709177613631422,-0.0008896698778935245,0.079237354888855,-1.7208093363283787,0.0
