,TP53 (M),FOXA1 (M),SPOP (M),PTEN (M),APC (M),KMT2C (M),KMT2D (M),CDK12 (M),PIK3CA (M),CTNNB1 (M),ATM (M),AR (M),KDM6A (M),BRCA2 (M),JAK1 (M),SPEN (M),RB1 (M),NCOR1 (M),MED12 (M),KMT2A (M),PTPRD (M),PIK3R1 (M),GRIN2A (M),RNF43 (M),ASXL1 (M),FAT1 (M),ASXL2 (M),AKT1 (M),ARID1A (M),BRAF (M),CREBBP (M),MTOR (M),CDKN1B (M),EPHB1 (M),SETD2 (M),NOTCH1 (M),PTPRS (M),CIC (M),NF1 (M),POLE (M),FOXP1 (M),SF3B1 (M),SMARCA4 (M),DOT1L (M),HRAS (M),TBX3 (M),PTCH1 (M),CDH1 (M),EPHA3 (M),RYBP (M),Seeding
0,1.2012028507479158,1.6346111366288882,2.9912207022693407,0.01064706735393365,0.01572607322116546,0.17402604429131,-0.9146367092591867,1.4229163593828111,0.6791894061673719,0.00669478373554621,1.338382526812741,0.418827208381015,2.2210267509976487,0.714916566819669,-1.1679850741257958,0.0112996916291656,-0.2753248983061383,-0.0037789886361728232,2.279164581897278,-0.040458039924463285,1.4930609375912585,-0.23170876838095603,-0.22559398636904845,-0.9896222573418053,-0.38446975956203144,-0.24973822588241584,0.8041611040279308,0.0005379711049910692,-1.018958852967852,0.9627442243692914,-0.5608050125054688,0.005363380929438597,-0.0020096336441640713,0.9419721298033106,-4.2092692364162506e-05,-0.004865227784441458,-1.226561930332573,0.3508999356647109,-0.767106788235004,0.0012122497687033994,-0.42861394074985165,1.0552131213621947,-0.002783843803637175,0.6567800798313465,0.48615089231061154,1.7338790989660993,0.002091411846360079,0.8252970909667903,1.2262982773259892,0.6918608851090334,2.9395629877185
1,0.19956706821443113,-0.4834039279348747,-0.029508867798576446,-0.0017343201998110775,-0.015362911825104117,0.03371332566999247,-0.47811778877703137,0.6485187564053154,0.0028305209592536995,0.004022436964088971,-0.0005284541877564398,-0.0219078625703513,0.0010651553512045873,-0.0030544794824364356,-0.013067762291518402,-1.1581391554902964,-0.005126531175220424,0.006797470184477047,0.00020321965821249336,-1.3900599187771778,0.00033047648083074155,0.0018392628127268677,0.0008280817750259555,-0.005068797610979918,-0.0313659928515565,2.622104252089836e-05,8.78826742390375e-05,0.00014865383541176958,0.0072324581103132115,-0.00035263366478291327,-0.001641075318521883,0.0014002123926399887,-0.018390334526246208,0.0011142588512774417,0.0,-0.008257567955962702,-0.33407212775047684,-0.1660001410115371,0.0007241047935225293,-0.0009268356265124313,0.0006255178090020032,0.0009283450955318351,0.0006151132162405673,-0.004522983225463218,0.0006026653667957409,3.4149950166156016e-05,0.009908819354907852,-0.0031234336542655117,0.0009463883755819729,0.0013325903810690828,2.6462537420310754
2,0.4672101661138857,0.010758325510771428,-0.2816093901010154,-0.054489176169898,-0.08241060440437699,-0.6408351279858362,-0.3430582555265746,-0.044396037268689154,-0.026450724902235344,-0.23923618746329622,-0.7723178028095806,-0.004325437351717965,0.005669314207933367,-0.09487158294414133,-0.5456854440232171,0.0023320741942448905,0.0016367622533279666,0.0009858900227898539,-0.00021201970605149573,0.00973674088565426,-0.012956797405288675,-0.0022363302329879166,0.20612692657948212,-0.009680575758618701,0.02876797319259508,-0.06588087504893973,-0.19752782985841025,-0.003053483502335047,0.0005093485691514533,0.006080646368853721,0.4039691140748108,-0.001804933539820487,-0.6897247262195102,-0.0018052716367452715,0.0013291873929589418,0.015125982734826144,-0.652207696322121,-0.012066760665449405,-0.040967666715367196,-0.0014755116980962647,-0.0007145291368413549,0.05828713334884666,0.0035272072539383353,0.02009851071169522,0.004860235057628649,-0.5960543628461478,0.001586543006336396,-0.0029316582235622553,-0.004255026104139907,-0.001321406940560941,-0.2911128680176745
3,-0.010547127403333217,-0.13445252906537408,-0.014255016015379852,-0.1275882665717892,0.0008803718834667195,0.025493831617716248,-0.7475645266307339,2.270433433815102,0.0010909479359819886,-0.0004810551272513975,-0.009266407056955651,-0.0013398425612186076,-0.002451017248224604,-0.006375931691722385,-0.6521092832296758,-0.2452765046535842,0.00017484340323554364,-0.005135604654100685,-0.03676774820117025,-0.0010497173308036303,0.0025751615388761107,0.00023789231647121655,0.001391949415769609,-0.010446880222327027,-0.007837026298234228,0.01646856360532937,-0.00034874454244429923,-0.0005355596186654829,0.0005915575550292227,0.040646337450159595,-0.09828419460102324,0.00016882591314583276,0.0008825703177298617,-0.31735988892928557,-0.14353429095864653,-0.354541604018236,0.13432550207356464,-0.20017377414716667,0.00676291039590924,-0.008298710940481171,-0.004963534622364683,0.00015582810601884122,0.00033893229526094917,-0.004128774566552617,0.004875270951367371,-0.005465058567432665,0.005633263917405172,0.002017009203578925,0.0007060531086720428,0.000854396111905316,-1.0344989435411518
4,-0.010033788769987076,0.0503648788631495,-0.04042749530578184,-0.6966013845767605,1.4144108339454757,0.023452895584234395,-1.4873324501501255,-0.01990840862718943,-1.0884693998858992,1.105786893266457,0.6367209038762819,-0.001341379902660345,0.012605953226652575,-1.1537023208776565,-0.6019116810698182,-0.7015651231120815,-0.0014080743186979721,-0.008765015873540474,0.003071891097915732,-0.13702085230231398,0.00408005464052056,-0.0008919456988246794,-0.38348426367260935,-0.11627767705313029,-0.28506849431497533,0.673749924299774,-0.6542986284944866,-0.13628518006474225,0.006816060542842091,-0.5043413533371974,-0.001497708851439235,0.0019145675065785645,-0.008194220426990783,0.0007182476966063373,1.089194466323248,1.127226587472436,0.0060246830350524005,-0.012489075384976674,0.006002930922432816,-0.012161334251102655,0.8179804796152432,-0.009762727438014103,-0.0003511022267779786,0.002153505637575077,0.0007388423485951016,-0.003815805444457947,0.0037775121157745217,0.00025103747789526943,-0.0028134586480442654,-0.0007136435493830946,-1.3781137124492877
5,-0.009956579112834733,-0.03734672850221883,-0.43274640772483214,-0.8434780213347729,-0.44867927921236295,-0.04752609800917344,-0.005568790000532604,-0.07516490133814017,0.0008707978688157082,-0.00499900052346258,0.00462553065950941,-0.00601549610442516,-0.0005036860115999508,-0.0003985227619983327,0.029396989420627948,0.0033142007674553118,-0.009499394546583684,0.0017481106675760775,-0.0017703500471299123,-0.015193975704875467,-5.437794928054413e-05,0.0017527344567051758,0.0010473325704745695,-0.0010240800665304393,-0.0024448854845493017,0.0005225411365343921,-0.0010215282442609553,-0.0004094689031079032,-0.0004843912497021261,-0.007269402730979668,0.0036093419290545306,-0.0010680973360389678,-0.0008356249361470816,0.0026184254640989647,0.001272364482366737,0.0003945284525610151,-0.045886781460813646,0.0004211919399162245,-0.07289037923657055,0.0016144392654187662,-0.001693699559353382,-0.000442295766606688,-0.0002013990484171316,-0.010334649108951434,-0.13699760053454296,0.0007227754796990599,-0.0011765635038902952,-0.008941244426576227,-0.0005205681177036568,-0.0013599046209936839,-0.0030816959172877785
6,-0.13405453816535132,0.6730855400527244,-0.09590456893432181,-0.7260325620182215,-1.1151035807482246,-0.002926499478794692,-0.002606959346319423,0.0005587634491759574,-0.0010473799324253077,-0.25821965412621856,0.0024034244194891547,0.0004941101642154575,-0.0009736333776871715,0.003456988803213867,-0.019389187751311723,-0.002728915735722844,0.004383516058848947,-0.07990850171094498,-0.0004762929544224978,-0.0009978359089381778,-0.03195122982756253,0.0013369102542034128,-0.0015873527363401891,-0.39176926511993965,-0.2729612349699072,-0.09007084602540327,0.0010904271058171063,-0.0021651879794519695,-0.005447695146709372,0.0004708700549968145,-0.0009745478429971055,0.000134433407573854,-0.00035462648112036656,-0.0019497676557249579,0.0028265112602327246,-0.000795761153321464,-0.46520138382954634,-0.001289940228032098,4.61816917656032e-05,0.00015946464579489245,-0.000967454363554204,-0.000585982671768374,0.0018133222354228752,-0.018160991124290152,-0.001560290626759018,-0.00034011126014197977,-0.001661965523630746,0.0009398871389410376,-0.0002920185050334855,-0.001219568983335786,0.23089395323185563
7,-0.26920712276885694,0.008853365011611625,-0.0001930800765521672,-0.004585472592855249,0.8413649181597593,-1.1082146906993449,0.09799917704097293,-0.005442730990523144,-0.0022227852762144716,-0.2567226200505338,-0.004729758787683049,-0.0011633063895467675,-0.00019813877752606962,-0.3690081405641583,-0.0029613527006351155,0.0048813764775166735,-0.0160032031044594,0.0009511224445244308,-6.08133213796146e-06,-0.006585322579980767,0.0003031713365574278,0.00022414458138435918,0.0006602455804192633,-0.001506672847321521,0.34983918860591623,1.930762556803361e-05,-1.2743547555503742e-05,-0.000705347542504326,-0.005698993051742451,0.0005363632775952845,-0.0034403582406132512,0.0012029774669232267,-0.022117568294945014,-4.100428600407257e-05,2.170542814130611e-05,-0.00016921734978454978,-0.00032002603299116265,-0.0011414244325492879,-1.6997019084815258e-05,-0.0006282194865949678,-0.0022362706165112464,0.0007391124018913097,-0.0007771583560213399,0.00035441858217018707,0.00019989151045959194,-0.08859727230509537,0.00026726006611884175,-0.0006462262143182779,-0.0019485808610768345,0.002145263460603163,0.002322603102617553
8,-0.38964383189865737,0.01877466127083684,0.020387600528137286,-0.0037520545607354584,-0.0010544596414786347,0.0017689867829679185,-0.9585611701002537,0.0010623363792289686,-0.00033831236229838,-0.0012910667056644164,-0.0005589191594193,2.11994730432792e-05,-0.0017565555459321453,-0.00037137092770654444,-0.05404541895799917,-0.16668131089614352,0.005611627268502642,0.003069510384375851,2.7166220495859964e-05,-0.01641322879212622,-0.004129000945202335,-0.0016250352500230428,-0.0003757748189404719,-0.0009243980358592483,0.00022397863288759162,0.004504077717194152,-0.0013773401165772605,2.02131228059175e-05,-0.0006362640837569922,-0.00019898128528213915,-0.000667267327627474,6.614796920028608e-05,-0.0010714699895415358,0.005422454257338205,-6.90100587233151e-05,0.001035356822064466,0.0007153359446700439,-0.0016282321151042695,-0.00036626443676674266,-0.0015471090841492723,-0.0003930919340957473,-0.002002591546318054,0.0005728446760633204,-0.0005080026570268975,0.0015606789534420079,-0.00038903750578635503,-0.0044462463286083186,-0.004052379923024332,-0.0007783068817093369,-0.0015172151381496256,0.005433108694495695
9,-0.0032750601249064487,0.17006442672164565,-0.0016814501064565989,-1.0109111758622273,0.1479443547023646,-0.8019022832090146,-0.04747364223511407,-1.3012577542244295,-0.02446103355969615,0.2388767175183534,0.0010492717326537012,0.000292442113786372,-0.001649529940090057,-0.000400999033430935,-0.04306679363501344,-0.7562763804391823,-0.019952133721810004,-0.02045196948237296,-0.0014083468202990192,-0.002033048758367023,0.0016125818159388981,0.0021426684957699944,-0.0008173259501783117,-0.0017210501027605588,-0.002600764452042035,-0.008794051157056976,-0.001720560714601853,-0.0007940810717287465,-0.11058434344207348,0.0025767421215566345,-0.0017362057640580727,0.0001468621940616754,-0.0004727796217968296,0.005285133909161657,-0.0018949245018333421,-0.0006949825969659086,0.001725800418062778,-0.0022485343500786978,0.00037217966170900014,-0.0015866511924020718,-0.001596383727280725,-0.0010261309733076564,8.013671838135301e-05,-0.002518521104243598,-0.002189505206541109,0.00041936814356467115,-0.00026298793343507664,-0.0016153061047277978,-0.0009039102292048116,-0.001649842542704033,-0.6400572491186765
10,0.0002701035794652778,-0.0008854094794695713,0.0033118322065610016,0.45627415021549095,0.0006502903007630886,0.003957158738052534,-0.644530884297762,0.0004490015788202645,-1.6879187443022776,0.17732862823544215,-0.00048506369351093985,-0.001823142069362587,-0.00243577418708323,-0.001048258203329589,0.395099122272049,0.0001936462943885528,-0.0022970194416413988,-0.0014060978718314935,0.0006815327513267699,-0.002237372254515054,-0.0015651174147165137,-0.001306756426191036,0.001102055863801496,-0.001503381944013264,-0.2178304420865045,-0.00024047883510691894,0.003035699067042252,0.0006389955222634882,-0.002739748947941153,-0.0005592807040789399,-0.004891503623086211,0.0012204026036204407,0.9888945299483107,-0.00043788023710091895,0.002273537998071793,0.00024394350098616742,0.0012502871345283614,-0.0010692906983163011,-0.002646973572477939,0.0014085361931427183,0.0010640864350016219,-0.0010050968228005634,0.003079346065970386,-0.0012745397867598217,-9.17950454310736e-05,0.001213863135296525,-0.0005934675607661977,-0.0004431013024756146,-0.0012369981884150993,-0.0003868441307353806,-0.9430518122969516
11,-0.293710645603138,-0.0026946504616502816,0.037060795547840676,-0.46637476827551416,-0.3545952704110919,-0.7718804924003899,-0.6161658049383363,0.00012190637890389949,0.0005242568813110424,-1.702993898380185,0.0009736783995877925,-0.0011622764183908097,0.0003845575102038783,0.0029465518372874698,-0.0019275190943760234,-0.049162875007837344,-0.002155210705124092,1.8892737639619479e-06,-0.062411979260205176,-0.0027213635587136726,-0.0004915110519815038,0.003801299586401169,-0.0016708398726649626,-0.0016043096853073195,-0.002603269911988998,-0.0010253150282783362,-0.0009995785083171088,0.003964616161617494,-0.000614690307386173,-0.0012448358656439204,-0.0009060398974730712,-0.0007952533095514769,-0.000337617266311065,0.00020425202222449675,-0.0011157446146006162,-0.0013710715760551283,-0.030675314070354762,-0.0015322240519479754,-0.0004532397650440514,-0.0009979072573665254,-0.0009135079808721539,-0.0008566552437021731,-0.0002634784454783001,-0.001074428690681402,-0.000965346389227504,-0.0007851329967668037,-0.00023730961515735596,-0.000908370881622276,-0.0006830007679317253,-0.0008989610182247951,0.0023013322370172284
12,-0.04307946612690497,0.014488641087740204,0.0007975506909344729,0.6053732871068008,0.0033693728314212004,-0.3255023742174472,-0.34656070912707276,0.0006084085548451243,-0.026237055849870145,0.0013464921031446373,-1.608306478736687,-0.002217231574867002,0.0013760374081299065,0.3778855835345262,-0.29252913344792464,0.459547692437041,-0.0012432856543398499,0.16893008736894402,-0.0002492452991717899,-0.001596294830797548,-0.003823808878995446,-0.0013795399279637834,0.04615386798689809,0.0005610795203175315,0.0012799598564581392,-0.0007336224626314466,-0.0014000090061136786,0.002090889148550639,-0.0011678890487476642,-0.002225113329631314,0.001056467757450068,-0.3614963926110455,-0.0023950557735343252,0.001840196569750056,-0.0023048284918033685,0.002872880389802484,-0.087071442540542,-0.000623879626301923,0.001193840362075824,-0.0012220604785583037,-0.00030538420137706684,-0.0011901226538604851,-0.004408098014331887,0.0009792446415097034,-0.0014985668787033917,-0.0015949176602102792,-0.0012487576696097278,-0.0018316179708833824,-0.005893917467208028,0.0014158118267142024,0.0007510899073928187
13,0.039333203681878204,0.005833668371599094,0.0008331434823112011,-0.0025472857460354533,-0.0032049102381757357,1.0469865941019023,0.4055307655208235,-0.00033153204767238237,-0.0005936056289445519,0.0008413986398915982,-0.0273770899113649,-3.6175401699172594,0.015520292196350684,-0.000985011760762814,0.05814766938456736,-0.0002222003683338093,-0.003564845911312428,0.0022737698258889156,0.0002736525430965513,0.005374110040553746,0.0017001497133578704,-0.0008518786800748089,-0.0005938690032770276,-0.001594424294106782,-0.001347685791803093,0.001770904056250233,-0.00044413464465104376,1.084962802595633e-05,-0.0024465656782263374,0.0015016567290573645,0.0008803869048216924,-0.0018159131376660775,-0.0007251141995141912,-0.0006532333379698576,0.0008076675725890077,-0.0012906208356914227,0.49880456020511366,-0.0008312727523092504,0.1055350242951403,-0.0006452858850526885,0.0004975795468515822,-0.0010533553178232965,-0.0011240908858256321,0.0003967635345555539,-0.0015933583358319597,0.0001682354193686403,0.0016113034756153224,-0.0017147396407730868,0.0010263796852734524,-0.0017337896577956226,2.8877286276739134
14,-0.0030250884913960055,-0.1341447531317167,0.12362554520723446,-0.00045013066171073913,0.0015128990655158398,-0.38984062816116105,-0.5129695732672495,-0.0011268913244895365,-0.12167459609971835,0.0031268576911023366,0.004543069152506571,-0.0015973597381557876,-1.4096895730379646,-0.002977694023830214,0.0027049980807466773,-0.0005471091424605317,0.002292303375285868,0.0006410475194800029,0.0008816318910531279,-0.00026440917687327943,-0.0020993724070614535,-0.001344859784034729,0.0024647003047146335,0.0010634171097700742,-0.0007961150404154496,-0.0009883821544241006,-0.001463266321721912,0.0015605918848823493,-0.0002548520211655068,0.000469810762659418,0.1744191827327169,-0.005227550326250606,0.376583444461522,-0.001576726404906042,0.0021062491741962873,-0.002628457841460357,-0.4760500828524612,-0.0010239205851451118,0.008998603018795381,-0.00018673223013204222,5.769830534985902e-05,-0.001080168753183672,-0.0005712112630430031,-0.003006750351179622,0.001950497264128024,-0.001142168950368193,-0.008109409219759538,-0.0012788331752099375,-0.001206285787223546,0.0007480886266781744,-0.6370373625715382
15,-0.5742330495913698,0.002126145309242179,-0.09666818308825807,-0.0021803662721919213,0.0005277733797727061,-0.865206854970069,-0.234826656719673,-0.0005414189075786569,-0.001111726819292013,0.003312371539991248,0.007019972513082749,-0.0006351179939330599,-0.000856769975632426,-1.672957830105285,-0.013204689269645919,-0.0009497603349487483,-0.0028321275542973505,-0.002432731058633309,-0.0003411361012311831,-0.07645131455538026,0.0018527290478146494,0.03049258724684279,-0.0022408904957386447,0.002164055236600164,-0.0018404888601673253,-0.1075027616596052,0.03630970439353613,-0.0015244298340304164,0.0007388719044929058,-0.001498757150013583,-0.0014207411767102743,-0.0017216789020990189,-0.002890083475838507,0.003111381573243778,-0.00032532812204039195,-0.001709494239276164,-0.0011579505557481639,-0.0002272112311193948,-0.0015420816145513944,-0.00030521157518875335,0.00010061193161286163,-0.0008514091849196604,0.00012635179247168506,-0.0013892970550865116,-8.268733805005335e-05,0.0018038793761011767,-0.0005866912825102978,-0.0010471619789904996,-0.0001352874128342839,-0.000927113350887053,0.0007091336056755285
16,0.002669649963988827,-0.0013609266298149874,-0.00095739833902209,0.8375957638919043,0.0008432458812674778,-0.0064283846271079425,1.6591830372704446,-0.00048113215636658873,0.0028602111238461457,-0.0004514200974103694,-0.0011300366492038032,0.00016178802613172675,0.0008868528631872301,3.7933628238215726e-05,-2.7075785883598518,0.9393549077677438,-0.0011920696360908864,-0.0020772976063174013,0.0006733923912044868,0.0029394844973719587,7.696088049111992e-05,0.0018749681855386217,-0.0018592547953566081,-3.683874725915023e-05,-0.8146152243615589,0.0116924902967491,-0.0008929933895868785,9.28482283530302e-05,0.00027985350045305686,0.0012231072745172936,0.12519377466547565,-0.00030369087246860226,0.00013744698703099776,-0.0007709475913608502,0.0007755974166581425,-0.22109174014195884,0.0032750684419839615,0.001735363780609179,0.002188642553903654,0.0004173874774969895,0.0023147074016130476,0.00030873995524164526,0.006731913565237449,-0.0019104253284417388,-0.0011013725024866527,0.0002484722481973768,0.001907976863137059,-0.0014593623949224173,0.0005623257946844191,-0.00033768821362472164,0.00038180672052316294
17,6.245703878783896e-05,-0.0018877244842533366,-0.002124457480852814,0.0012442641570901158,0.0005722634603843894,-0.0004450899401388904,0.31793063052664894,-0.000686555313385123,0.0007613809170671603,-0.018981393321157076,0.0012990613948752243,-0.000632801579520333,0.0006461381103511558,-0.005260717908568026,1.3029477495826647,-1.82430302716571,-0.0006284119821848325,0.00196652108949526,-0.0014702672709953773,-0.0070060681470843385,-0.00042557004639883926,-0.0028511068794926635,0.15972372911743357,-0.0023721168984326014,0.0003126396048076913,0.00010477971354025227,-0.0011957783140588872,-0.000922860960292232,-0.17873288753701777,0.0005781239924530838,0.045206743306529136,-0.002725407837493525,0.0022178774673612474,-0.0004713743348042233,-0.00024150761798664026,0.0006952633022592537,0.00035133555896000587,0.0007124976429668892,-0.15144043878708804,-0.0010356662196656912,-0.0008700385710313876,-0.00021396616825094714,-0.0016294474459849844,8.559885146809578e-05,-0.0012528633270514837,0.00026695219724918366,0.00012374966344982853,-0.0004469945250148978,-1.87872990924397e-05,-0.0014032117300075955,0.0017652340099586772
18,-0.000319030873659065,0.005892671945620174,-0.0006819661233273787,-0.0014914378977962368,0.5088577456531035,-0.00038712352071184914,0.00036456533221632516,-0.0006970226474086265,-0.0010949164994839015,-0.0010994983936330352,0.0002990494384739336,-0.00015135419550756416,0.0005367750047009737,-0.001866468275129714,-0.0014678896132430308,-9.275299851322857e-06,-2.475461527096823,-8.495591282335293e-05,-0.000508789030267345,0.000216301406050613,0.000628668197268825,-0.0005384912073380011,0.0020389794140293943,0.001375927456358718,0.07591314868402606,-7.622931985380255e-05,-0.0006323944626042336,0.0008263736369923012,0.0027832410700132947,-0.0011317959933498743,-0.0007999278607038715,0.001038456980397471,0.0009654142578728131,-0.0006427717145464991,8.540425435550695e-05,-0.0003014629964484996,0.0009947389804066545,0.001338732014273265,-0.0037883687891255547,0.0002498299872844538,0.00027353590801527147,0.0012536981820667498,-0.0013506100222203062,0.0018054809736250939,0.003592797435805964,-0.0007036240383527584,-0.00014981959404530642,-0.030262024515159684,3.2227546571253414e-05,0.0013515704658152213,0.0005689578884748615
19,0.0017800991634503768,5.491427201933537e-05,-0.00019460575004336128,0.14204536575393995,-0.0038945867630773632,0.12053081314078005,0.10546391034154731,-0.0007782471789135827,-0.0010719143245122768,0.0008261061162141141,0.003109343756417124,0.0012321939024791777,-0.0009599909316815024,-0.001570498994903925,-0.0007331660972565216,0.8075192008604873,-0.0008088392689935861,-2.3640317321014326,-0.0006177338419594955,0.19202924589039097,0.001456979113429676,0.0014592850334252325,0.0007332175074770027,-0.0018218262236087144,0.0420037452865794,0.0006011983684819679,-0.0006760197632588878,-0.0008117574772350272,0.13870045936387457,-0.0021256593030927104,0.0003546905625442373,-0.004599541327426887,-0.0005048619724655369,0.0013192838181761836,0.000996195685606491,0.0019945695754408836,-0.0029014329900430838,-0.00010797563614907453,0.0011122548446046994,0.0005485774011556708,0.005418061191991014,0.00034178153071988697,-0.0008243904308901715,-6.493239546766531e-06,-0.0014680318983938156,-0.0014964728518997215,0.002230565490749806,-0.0008782252995422745,0.002100278876296627,-0.0015248404061418699,0.23572825084818005
20,0.03847927694401312,-0.5284151988648451,0.0013068772811389187,-0.5201645532373766,-0.004256349128472395,-0.591022451895392,-0.6623277047945266,-0.0012557461663423707,0.0017826368005945312,2.2672729957319873,-0.0008102717779485745,6.966446629875513e-05,0.0058094233496993495,-0.0017569973625465496,-0.04088904918374658,-0.46647813475597993,-0.0014927810988977618,-0.0012237522377857104,-1.9143758174591943,-0.0002112912212994333,-0.0011344944211921283,5.066191483259447e-06,-0.0011899135186552502,0.004393947790648252,-0.001964667897191139,0.0011685896474927574,-0.0008118840791061757,0.0023142377928004353,0.08628982674263577,-0.001008644862886455,-0.0017349340266266443,-0.0009240671660394662,-0.001303351722901195,-0.0012554734909501547,0.0004644863203659564,-0.001087445820019186,-0.01825663368645052,-6.107735415999838e-05,-0.019721387542656635,-0.0007662305779453384,-0.0006431923075751688,-0.0006088822392793643,-0.0013027747290290093,-0.0009239080787264682,-0.000812301810240665,-0.0006783590183804312,-0.0007189081089377499,-0.0007421286459753926,-0.0004010802884331949,-0.0008294427267953126,-0.12090926910861889
21,-0.0008122301900928598,0.6656108373453251,0.0007750666759891032,-0.00031617260159124685,0.0006382232737381682,0.1255768458499084,0.451959819109084,-0.0005604469873248109,-0.0002516947774378603,-0.0011736482086131532,-0.00013631873538355417,0.013102991513241943,-0.0005148875265665615,-6.202644155180095e-05,0.437961515490781,0.2803410875853734,-0.001739337836984095,0.2427303255883786,0.00011246315173417439,-2.8029640689496795,0.0010694953980707736,0.001275197866915962,-0.002061099020296038,-0.000663454280789287,-0.0013870162921900753,0.0002454350574499822,0.0017167916033659168,0.0022226094675074607,0.0025886296844474144,-0.00017768338631498495,-0.004401582642140714,-0.0018689716068325639,-0.0012499601443070264,-0.0009507406881569529,-2.4105873375242733e-05,0.08556715588435351,0.0014482857881419659,-0.00019663611007915353,0.034477040578675545,0.3472542988626977,0.0009663431490879893,0.0001428133959562429,-0.0006583492855617939,0.0018618091931540959,-0.0016203361010109886,-0.00048289092641225976,0.000916785812130423,-0.0025440834966478803,0.0021954378965852793,-0.0005392479034825422,0.8959756285051157
22,0.000732671320827402,-0.000606692525998314,-0.00011854934295347022,0.0008020671177095237,-0.06413167632129813,0.33247370081223215,-0.0037877865167126514,0.00043749024570126507,0.0002799827682058877,0.0004705256179625829,-0.0005288986169688397,0.002751280921392874,-0.0009956763651892712,2.902399852683298e-05,0.03336772674490456,0.002863396673838046,-9.222757203048934e-05,0.022279961557207666,-0.0005657903455198805,0.0053180345705815596,-2.5645672470152445,0.0008139207534425535,-0.0003174060985826887,0.0011595547265098502,0.0024384736503534933,0.0028063520755502694,-0.0005479001655678672,-7.790218452354025e-05,0.0008451867297423297,-2.820230792850107e-05,0.6131329995995722,-0.0007808735951764038,-0.000409170558469096,0.0004719099133258367,0.0005194663737820675,-0.001314708903065299,0.0014086324362133096,0.8711379648687868,0.4861760257892165,0.00012546564795520268,0.0005508085670984579,0.0026994938744597952,0.0029259330855940947,-0.0012606593501373155,-0.0014801526584867011,-0.0008394332353312384,0.0029160034066487914,0.000733572095436413,0.003294855593758668,-0.001412106632431216,-0.001169665638897478
23,0.31215552919054396,-0.0014932032763302387,-0.0008419285853862244,-1.724054949789951e-05,0.0006477329908073634,-0.003334834294097889,-0.6512562176303719,-0.0022881001656702813,-0.0012164205813473853,0.005123922184411978,-0.0013963290640420368,-0.0010806896052968779,-0.0007956608573021284,0.004839180753739331,0.0011496645382845202,-0.2780226396726072,-0.0013527397773952512,0.0003403554576982446,1.331864329855319e-05,-7.658340076514262e-05,-7.3833878053829335e-06,-2.659450788503907,-0.0009236123982832373,-0.0005812263062909671,-0.001819291879855399,-0.0015753094824715462,-0.00041832001654803564,-0.0007499731594616178,-0.0017352151109671092,-0.0008305384247879351,8.35380232874757e-05,-0.0003270472793119979,-0.0009519795820922303,0.0005277278025644026,0.00035172050723162554,-0.0008138269376477825,-0.0028349288526396425,-0.0010498373549641979,-1.4633314337999959e-05,0.00025041885593075555,-0.00040537704865362643,-0.0003737382589660137,0.00029547742369878937,-0.0008899968643771935,-0.0006447175671029902,-0.00042856642397610646,-9.961983709882814e-05,-0.0006058302649869134,-0.00042439469286327985,-0.0006572925895879079,0.48452732021554806
24,0.0011383854391299585,0.00044543619672948503,-0.0011421272120849646,2.3083782027632073e-05,-0.0008813866163655168,-0.0016429580312420445,-0.0011093304957146444,-0.00022445985682624536,0.0003505588617529054,-0.0010850901572332949,0.0004615841542323971,-0.0005202018231179401,0.00036298036366576216,-0.001645401040053362,-0.0011852795554146722,0.002187552329701705,0.000994075221406544,-0.00032801019396774735,-0.0005500187259211562,-0.0023099063300138964,-0.0008097139299586591,-0.00047366591936929756,-2.4622732619765997,0.0002808192822522464,0.0022268485196291084,-0.0021254822808768233,0.00028546560891063,-0.0011376553104505216,-0.004510185552045294,0.0019160456824941856,0.002026064019314343,-0.0013782276347463342,0.0019702996137899494,0.0008974617586783358,1.2816001724489984e-05,0.0010521542162198123,-0.004834447875489915,-0.0002231000367727503,-0.0014699609332264204,9.496165958584678e-05,0.00028551613881159116,-0.00048061029087364686,-0.0002885051219624679,-0.0014979728068735029,-0.0009676241298568562,-0.0006382595385082729,-0.0004177816444396809,0.000633927286954563,-0.00017487084768787935,-0.000917387608340674,-0.0009726507637960407
25,-0.02603286325822941,-0.0002750214657746678,-0.0015917457949509094,0.0021234650541467454,-0.0016460200076454413,-1.4147535852447064e-05,0.8340891114476984,-0.00016080560538888654,-0.0006241105538035347,-0.0002216136054443334,0.0014231701788478476,-3.2030832776904704e-05,0.0005461730341236263,0.0032099978326086145,-0.0011184953167134861,0.003238005606802009,0.0013145937165882163,-0.0013246365731713649,0.00043888781852066574,0.0007276330301763005,-0.00022296750683751181,0.00016799795266786996,0.0006241695243341705,-2.5577547981891184,0.007210566752162416,0.5925654404048857,-0.0006415083488040326,0.0007542809827949698,-0.00042602493731961504,0.0002619164229024167,0.6937332914563321,0.05481395256601815,0.00020473798749711847,-0.00026292075367989837,0.00029590962681583656,1.4689928869081011e-05,0.004096978914029368,0.00016313260509145459,0.015692730623579374,-0.00026997070947643254,-0.0007017371134819,-0.0004561772277506005,1.27227922246483e-05,0.0018704677886221296,0.0009995171712147114,0.002756995714494694,-0.002976259741689067,0.00031439600930688994,-0.0015403316118986318,0.0007610435717521446,0.001535417948774417
26,-0.0008882789735556562,-0.0010395636722844834,-0.0016387959646531561,8.972958662221866e-05,-0.002042764164001088,0.3778706936531071,0.1495847254327871,-0.00014089094463534045,-0.0021294072267511615,-0.000958371143008781,2.6144309923750996e-05,0.002014164237147938,0.0003423757174344016,-0.00030328909713151685,-0.14187601815006953,0.00035722423889693675,0.0012741607830800725,0.0022604693008643076,-0.00048355257085904856,0.0013934280979373446,0.00032951811431930483,-0.0004285805734615384,0.002052298817130543,0.0031532099224640896,-2.575993392230442,0.0007727096092003837,-0.00046309740514445486,-0.0011851301871759015,0.001183671036381868,0.00021278795117405302,0.007402083284780392,0.001448260951378005,-0.00011728878469416534,0.0005589469538165305,-0.0008925119969436721,0.0017932925155849852,0.003023013873609072,0.0027173980914961928,-0.0007452504850285523,0.0008003588211138273,0.0003136653104330802,0.0014548063002180198,0.0003806622434563343,0.0007497909849620792,0.0010098397773995,0.0005181369918141512,-0.0007500325778198059,0.0005843872882478675,-0.000842088309086607,0.0007368689836406344,0.0017402065737830781
27,-0.015364664538045324,0.0019677463361738416,-3.3266139946552796e-05,0.06148436227113969,-0.0002824628625298387,0.17384793722009673,0.831432211706013,-0.0002605713538446589,0.0007269659485974749,-0.0005220024921720275,-6.223393501599093e-05,0.0010747841222189278,0.0005372804281367099,-0.002658541564550622,0.01836381444763354,0.001523810799771463,-0.00011605932878459701,0.0016671593579935758,0.0005234371159652887,0.000993513568434567,0.0008544601729660306,-0.0011658936342737228,-0.00101954755451525,0.6866488745671561,0.00102092598651838,-2.580648823106979,-0.0006062215599804408,-0.0010083112152238613,0.417609686035586,0.0007428329894633144,0.0021143757058451366,-0.003409864754998263,-0.0014501045699548464,-0.0016180744594904174,0.0009374372279611089,0.0010217213415862716,0.22048435523679377,-0.0003395381877133937,0.03849480177770902,-0.002234976512775461,0.000886959414874229,-0.0004609726717295676,-0.00015413199803491074,0.00023234876709056306,0.000900464649400939,-0.00013286986912319017,0.002040266565258209,0.0005263606766016286,0.0011995559336986307,0.0007984198763472022,-0.1826059920409769
28,-0.22856370996406242,-0.0010540386964081792,-0.0017084637332938778,-0.0031060671019067813,0.00042473703655150397,-0.0010477510725000498,-0.23254187941871005,-0.0006091181476905836,0.002508738739017424,-0.001018378172965254,0.0005514727842395442,-0.001072300522402205,-0.0006889254178436078,0.0013151200612438276,-0.22248699475820793,-0.35012744520863603,-0.001494778740882139,-0.0018604725071734622,-0.000432981095271831,0.0011082169151329117,-0.0007799986232132093,-0.0004373401991744809,0.0001765846997793308,-0.002835955303946975,-0.002196724834675579,-0.0023625277951854814,-2.3923339943934145,-0.0009133392467068268,-0.0023416227420846834,-0.0007935071453076154,-0.00022387393125609782,-0.001733997537564107,0.003121810203914894,-0.0005076610518701923,0.001222928627733728,0.00260480985939692,0.0007153007128158888,-0.001013949555415394,-0.000569382364880908,0.009873490549054658,-0.0005092598981057421,-0.00045472315279104395,-0.0008306798567750098,0.00157213531641379,0.00029262048942153916,-0.0004641210386072339,-0.0012726880750434718,-0.0007101988928123093,0.00017813084443295008,-0.0006787823743409847,-0.0025293973923667225
29,-0.0008525667361544687,-0.0025324968629726052,-0.0008729950919895825,-0.00334315249005319,0.0005537276395185949,-0.0020198698330508363,-0.004300428651307786,-6.505889745880741e-05,0.0002478668453098432,0.19480215955536842,0.0006780826781635781,-0.0007782483988971313,0.0006595387611602267,0.0002542063100066009,-0.003251527005622034,-0.0006734364491652506,0.00045335752847373877,-0.0019253259135302014,0.0005427167102698845,0.0004776193091312425,-0.0003723019234689936,-0.0005179481357667129,-0.0010818549062777947,-0.0006445409908019864,-0.003005075855300812,-0.0019870257961993078,-0.0004445882592721315,-2.5440883050139993,-0.001596248535010794,-0.0009252258867720654,-0.0009427868161181426,0.0006161063750619796,0.001550202204730833,-0.00060245942697222,-0.0007913971078876292,0.0007333611158214301,0.00013754196882614055,-0.0014671832033879887,-0.00020635834707447638,-0.0009355889539565539,0.00029328374644506784,-0.00046350135192521494,-0.0013132489989361171,0.01711145658330412,-0.0008498540458983924,-0.0006368940412204987,0.0005706657924011042,-0.0008558512838431813,-0.0007179997767497953,-0.0008027035691175167,-0.0002634685305218867
30,-0.008943470264454337,0.006101050380873375,-0.002985952799213447,0.007553795003781813,0.0001481598565956094,1.381827265744501,0.1219052321694997,-0.0004921555501388494,-0.000950309037552534,-0.00019997335367629476,8.66860990901351e-05,0.0013505613578181953,6.355811624223016e-05,0.0020603842821618123,0.0013452122847401522,0.0003250242427171459,0.007185076665561992,0.5001971787647994,0.0010872912233272191,0.13522541722011786,0.000829771034355807,-0.00040003708605664565,-0.0029332056178049517,0.00035173383626076725,0.002496282143515433,0.30643787873719136,-0.0003952752450573915,-0.00039426408345671617,-2.855678850187138,-0.0017144576056365487,-0.004403635737788165,0.000762850752288119,0.001079276313816303,0.001926919112337626,-0.00011391905340081527,-0.001277244446521037,0.0687935370652906,7.443892751455925e-05,0.12054804473103657,0.0009256203139282896,1.4167999401434536e-05,0.0007779168893079165,-0.0003935763256497204,0.0024142589552438136,0.0012301718739202456,-0.00011374798882073278,0.00786717765869426,0.0007245132266574685,0.0015334351128989613,0.0007268583526968091,0.0013948904460423148
31,0.0026004004511730803,0.0033639579913146405,0.0028615419744780286,-0.3134504124032368,0.00048471624179790066,-0.0045679585584935765,0.00427877158009935,0.0008211563672509143,-0.0009521289485095927,-0.0013113635054341553,-0.0019344442599105458,-0.0005329685562064138,0.0011994544233012343,-0.0020217681715893354,-0.00039929198678988914,-0.0015784205727032911,-0.002498431556110167,-0.005610419956191718,-0.0005789134460490251,-0.0003844798214628199,-0.0006653298387515275,-0.0006402187513044009,0.020049338010166215,-0.0010677002216862486,-0.002317103254383799,-0.0010646020047527262,-0.0006104552997980723,-0.0012682648232742485,0.002317683637544134,-2.264637273113779,0.004572314521274401,2.6228550496220542e-05,-0.001479478692161979,-0.0007413273578136827,-0.0010083535141984024,-0.0004928544498450994,-0.0009847578659935047,-0.0006610836931567235,-0.006656605019999208,-0.0010566991288698667,0.00035621911238696016,0.0005016587270643937,-0.00013836315830813094,-0.0017029977963088656,-0.0011702492138099005,0.00037681438336975505,0.0017971942119610618,-0.00018928107522403617,-0.0008078404405438317,-0.0010200055651202761,-0.000912187318230681
32,0.024015022408344827,-0.0025090923036643273,-0.00023203671395013634,0.0019123287286585315,-0.0007226609104896754,-0.0666309164731866,0.00027409818404064467,0.001364596079219088,-0.0013251883894732927,-0.0003974586823902908,-0.0003233847004461112,-0.0005324644293530965,0.00041575008748702044,-0.0007166797105824051,0.0006111866014794756,0.0008065261602042046,-0.001240502173893312,-0.00084309223974062,0.0005712328901626953,-0.0012193558156963985,0.004055320297548257,0.0001357107861982648,0.0012419592971593047,-9.930738730004368e-06,0.0020042145285831463,-0.00032637064971519113,-1.1139427113161966e-06,-4.439594076747279e-05,-0.005816267845026429,0.0014988825310859669,-2.4366466136227394,-0.0008549350373077426,-0.0013630035537642716,-0.00011192344073257705,-0.00011958420423908598,-0.0013224186681722841,-0.027655035324170206,0.0018746680601384798,-0.0006201041585168191,-0.0001505399327078085,4.508696911730676e-05,-0.0004976383831114231,-5.7962250946103224e-05,-0.0007716098250240253,-0.0009463384398703409,-0.0007327851320346644,7.010041692875066e-07,0.00014589652685372098,-0.00024791687269760563,-0.0008739381628467411,0.001518444280574815
33,0.0012853698764629592,-0.00042070233971533286,-0.0003995413608373651,0.0009351606785549455,0.001449115125603403,0.007943276142558561,0.786506653687241,0.00011638941146152036,0.0020063255378534517,0.00010434720230262726,-0.002787178351578919,-0.0012755576439105532,-0.0005182986585412523,-0.00042414282084750343,0.0012948201480387687,-0.0013242165246800475,0.0018451849468598205,-0.0036012265568163507,-0.0004885567902927798,0.0004395294396558838,-0.0015603254481950965,0.0004994612304016338,-0.0007795403113014052,0.4652347796997229,0.0019100527223529042,0.0012658260568793995,-0.0006329356584984071,0.0020896083989412674,2.6975263954489537e-05,0.0007755689715778926,0.0002500659762674717,-2.7754126657913103,0.0016127956027004765,8.608052592681856e-05,-0.0015799905638928839,0.0011319214322105108,0.7204857186644424,0.0005551364837172868,-5.1106996330431875e-06,-0.00040581519699871423,-0.001446785372157112,-0.0002973407602837857,0.11946265885713582,0.0004110750363214647,0.001437364102567924,0.004484163106178901,0.001137117996622966,0.001115712199649436,-0.0021395077111305964,0.0011625782484608323,-0.0009883423943318345
34,-0.4522913959065487,0.024973406270907682,-0.0010628707558390151,-5.426865716742637e-05,0.0009792332330721782,-0.002325782980274997,-0.00033578927150090804,6.243942348499581e-05,0.5621260821539096,1.1071972846885057e-05,-5.0090918724664816e-05,0.000983847943236635,0.006313353826782423,-0.0012266407922939364,0.0008413470913615808,0.05266466327681422,0.000660024728097508,0.00010765515623147829,-0.00043748733587644956,0.0009763595040351576,7.916365818227278e-05,-0.00038104361328024,0.00205894575068763,-0.00020973963305936864,-0.0005393491601666996,-0.0013096046969648105,0.0012994571854295267,0.0016918185536058728,-0.0004058454954964728,-0.0007054703684348234,-0.0017270715881268,0.0004882829121243284,-2.7364972527209708,-0.0003902754064997866,-0.0007598622059441669,-0.0010070356160937998,0.0009190739844530218,0.0024593186471631597,-0.002099840100490589,0.0002682291057218778,-0.0005681378793533038,0.0006695416968866893,0.0009985413845546953,-8.566067439467575e-05,-0.0006392122112154027,0.0031622911705300526,-0.0006930028200130883,0.0008503872720455436,1.661703741349306e-05,-0.0006221351581538175,0.2717083043295427
35,0.08740635065008115,-0.29381462184560925,-0.00047071054398317757,0.034756527494236515,-0.0029307264795327306,-0.0019373663771555796,0.01269147845735426,0.00044364122402416244,-0.00042872320830217943,0.0002855439644119764,0.0003334377675882898,-0.001159935175843978,-0.000647200710144913,0.003917205638010827,-0.003526433018881224,-0.0007892451467297988,-0.0014095984096041455,0.0012170654222525552,-0.0004361992065959092,-0.00274979019783352,-0.0002418283815398116,0.0007618825971611711,0.003634174822876528,-0.0012302431487708932,0.0024628374513598,-0.002829220505109123,-0.000390057164924057,-0.0008327106329415439,0.0027280738261262795,-0.0007150507558101153,-0.00019513584694896884,-0.0006733917709172911,-0.0009989003740429893,-2.6989834915374113,-0.0006464357181726222,0.0029529800423191374,-0.023999254497691396,-0.0002505088539614098,-0.0004548112854386429,-0.0007451233368335496,0.0023789350105277874,-0.00033803835001244717,-7.341849598107103e-05,-0.0011317792604229795,-0.0006322824896987468,-0.0005034409036262992,-0.0004595208280542134,-0.0006882991910250227,-0.0005258012869749126,-0.0005917076678551333,4.7189463371918145e-05
36,-0.0018540726102796645,-0.2803652319241559,0.003495267297337641,0.00196815613327012,0.002320292124364371,-0.0007831907360491904,-0.020119941030221484,-0.0005326423559218137,0.001007969890822442,-0.0009910683617187445,-0.0014231731791349465,-0.0003250237713050333,0.0008154478608670446,-0.0002179990483437843,0.00011886216871478786,-0.0005591647161495726,-0.00023178875504046247,0.0001754779395060911,0.00014405759910518179,-0.0012325106395855421,-0.0005729127474199792,0.0006598571636472738,0.0002131355854325915,-0.00033478005503163053,-0.0024947755550354927,-0.000206532878060659,0.0014925840180209913,-0.0009312610328950171,-0.0010479389602582171,-0.0008009979789894461,-0.00039146863338155013,-0.0023181629574926038,-0.001048944272626356,-0.0005631865826566055,-2.537079507272893,-0.00010962149841924599,-0.002423448561475242,-0.00020930730071894833,0.0015190870985105106,0.003061228916328805,0.0013974461905744433,-0.0003802397646501452,-5.3880194638624356e-05,-0.00026525567503848626,0.0002261394489992793,-0.000687882747867878,-0.0016989673905834237,-0.0006491877252690647,0.0007357810240251265,-0.0007024631231265998,-0.3239873654975642
37,0.09431518033828919,-0.28994445779962486,0.0006194129160012084,0.0007564547647333784,0.0013870606706674847,-0.0008209580199452564,0.2758143394778536,-0.00010854106501923588,-7.363458731100473e-05,-0.0010253601372922593,0.001628822497985973,-0.00022645484886551706,-0.0008480190667600439,0.0008086099648405171,-0.0055397329345169034,0.0034392780034544507,-0.0007278425623992145,0.0008884231865124706,-0.00045374717674035196,0.049338920974638184,-0.0011532038661121792,-0.00041910896512707994,0.00195873797111133,-0.0007313333077681813,0.0026794086373002966,-6.588158555407309e-05,0.00165539096327376,0.0010654283839414812,-0.001565855058730663,0.0002380798742789745,-0.002668725938460178,0.0006874865339071887,-0.0012672660935229595,0.0012541043910188827,0.00021543656340314087,-2.626263959757001,0.0012763731457303012,-0.0016107453114690598,-0.005867034324581051,0.05418409526288746,-0.0006841914773359799,-0.0003287457195798709,-0.0007443289146333524,0.0007492670970582039,-6.851928052072683e-05,0.00042221688325154606,-0.0010780588564797517,-0.0008934095424645969,-0.00018827081901483264,6.229775540780223e-05,0.024481720433863458
38,-0.001804814570909159,-0.0601767701130423,-0.00011494194383940629,5.068890414094041e-05,0.00019625456927264078,0.5260873870364857,0.8285537213862584,0.0004384035945079627,0.0011579939736487443,0.0008833296854433676,-0.00045555468578215155,-0.0009741605868661388,-0.001363462812640758,0.0025989932154482434,0.3265896389926749,0.7955419564163431,0.000745777366276412,-0.0006722064800817245,-0.0005205462139381073,0.0017084819321796765,0.0005011100302105254,-0.00068066136045852,-0.0028385296218549805,0.0002532650842691479,0.0003051395554187359,0.0023165728961381813,0.0011411928954334343,0.0005471377164996135,0.0086073094468371,-0.0006314025463254609,-0.0022741626854901596,0.008949154168122257,0.0015494277245822893,-0.0013052786685639852,-0.0006272604742810911,0.0007031881054162357,-3.025085167309682,0.0003070114898807724,-0.0006007383341850665,0.0009829125966261795,-0.0007264929302427055,-0.0005202032689057634,0.0009500743887325531,0.004532202229675873,0.0008260525524084595,0.0012442468103126417,0.001984189699774302,-0.00022828047979921395,0.00018255772993789498,0.0011242040686781894,0.5068120879031442
39,0.0013398070679249148,-0.0017306663011976686,-0.0010290731682572223,0.49144799842804615,-0.00034850800160681313,-0.0017602118633672926,0.011064175371930449,-0.0004923619938279357,0.763383898313079,-0.0011093419650854133,-0.0008688937128576581,0.00043164268753792913,-0.0005605579575214731,0.0005715197730679648,0.22955274653777485,0.46470025255053526,0.002267800085830013,0.00024423805221680654,0.0008048643871672241,0.004363928800564496,0.003804896851683007,-0.0005573321520104819,0.0007940972604449703,-0.0003173058276583138,0.033750118365552625,-0.00048762553933075496,-0.0004381384900961719,-0.0011766998019059943,-0.0005472126778198637,-3.158010858327877e-05,0.5428997226525488,0.0013925476936187274,0.31322700777808093,0.0001699431084788312,0.0001737285728150582,-0.001807879547020907,0.0009088288401677407,-2.864132421119155,-0.0025712846200236688,-3.936150309355197e-05,0.0002588785794104935,0.0007159498496890654,0.11082736325095799,-0.0005469612030845767,-0.0007180953264579078,0.004393298646177775,-0.0009215870293729121,0.0008384105484328078,0.0004704921999740731,-0.0009025217492681628,0.0018880962917230124
40,-0.00135240545021378,0.0014466417809739724,0.011552370534194467,-0.0005248316047350456,0.0011495791216555747,0.4290812756020975,1.1006649022850745,-0.00019450817968615333,-0.0006419333851942001,0.0003240052571422267,-0.001006849570064271,0.0009077502084852769,-0.0009907332625201206,-0.00019995501208667528,-0.013355801270655356,-0.0010526691260819253,0.005384556461523618,0.0012787773737108485,-0.00045363173893137206,-0.0057320760346958035,0.0013068688474259284,0.0004521598675369189,-0.0015453522461550506,0.21139644968478008,-6.923206982588435e-05,0.3716498596973347,0.0003521039056485378,0.0012580756927175413,0.5108898569343999,-0.0027655856512806736,-0.0007454636905432649,-3.717887500785748e-05,-0.001595074502391682,-3.997410674426216e-05,0.002136248312306429,-0.0020354735587127626,0.0675924892955497,-0.0013369631548077097,-3.1546939271644514,-0.0005175862778516048,0.0011369162461398509,-0.0001788217263040679,-0.0008522410797563869,0.003367661067939097,0.001284517405425815,-0.0009385117383836023,0.15566714574226861,0.0009088137742010129,0.0020487551805590362,0.001050059498923454,-0.0020821115714617145
41,-0.000695127494062549,-0.003410189228130958,-0.00043933904779084324,0.22972687579015424,-2.4296256819037715e-05,0.0015982811393316773,0.0019131960256772794,-0.0004054357080794087,0.0015989878568463645,-0.00047800151361971494,0.00029956828964396555,0.0003723807194829428,-5.209765302193782e-05,0.00019415149319699701,0.0035174784901656868,0.0010324728492642037,9.136786966593935e-05,0.0006015773195101596,-0.0002022536753403178,0.4953040436775964,5.697835362232002e-05,0.00074491436149149,0.00019058902465221962,-0.0008656001810407546,0.0010664778712453546,-0.002091086015304258,0.004924599591618422,-0.0006204623449699205,0.00017198154245942745,-0.0004943614222313118,0.0001612390831204883,-0.00025783276340050643,0.0003983824306434279,-0.00043602309157305996,0.0029956811166690204,0.34148362921146724,0.001222520229446115,0.00024486804478880973,-0.00035114116131794903,-3.187531736846641,-0.0004488161777318015,-0.00018045226163848665,0.0009658969077040995,0.0036945653297993813,0.0004565777538143984,-0.00043047924441076273,-0.0014469381097668885,-0.0005890172637137605,0.0007560922417830525,0.00044268877450890146,-0.0007139629305365663
42,-0.00042907328057104776,-0.0015863235747564585,0.0003518088454252643,-0.0014702037119168935,-0.0007772958293120723,-0.002039203961611549,0.0013282352892785235,-0.0003196832025754251,0.0010524166701095761,-0.0005371665514475809,-8.897048343827965e-05,-0.0001774375453756583,9.561748750943697e-05,4.386857162235356e-05,0.0032548013419300545,-0.00041043134518308757,0.0001404634929403788,0.00630870399095339,-0.00020955376793188078,0.0005692376420802398,-9.293119648390031e-05,-0.0002739976059158404,0.00037051662131001915,-0.0004237644259786049,-0.000470884039140091,0.0007530339036067916,-0.0002709317300852746,0.00047037305836300915,-0.0004283201106924931,0.0003332778570595481,0.00024045617361519384,-0.001379618456453862,-0.0008068343562353206,0.0025065019836685637,0.001819660289407118,-0.0006969512373674911,-0.0009667140970619152,9.90700461865049e-05,0.0008427495979657221,-0.00047915043019271296,-3.051981290777695,-0.00023584878458438236,0.00032906019486219913,2.3115327720798332e-05,-0.0006279294486277732,-0.0003272096981038941,-0.001151915407790974,-0.0005549168463611294,0.00020511306080075412,-0.0004110950185512598,0.00048079115901395863
43,0.0010831165469726773,0.0009211922464246106,-0.0011984979400552793,-0.0015877945443681736,-0.0008683462171058419,-0.0015802244444691142,-1.0937821691533507,-0.0005675367563364887,-0.0012288991503281864,-0.0008103583397734332,-0.001224730742569433,-0.0008040274893439032,-0.0006384488121104519,-0.0012890267294140936,-0.0005965141321813952,-0.0017579897719693903,0.0014108436917693104,-0.00018249646964355368,-0.00040447510268705217,-2.9847415822740228e-05,0.0017483719320151958,-0.0004267478464031617,-0.0008491273999951569,-0.0015777855260557005,0.002182132293272142,-0.0012271019372761466,-0.00035943665478540675,-0.0006704971297466317,-0.0004167645292554931,0.0003801893050538527,-0.001275278558508432,-0.0009710420138593009,0.00019883697223250325,-0.00040746556698355047,-0.0005065571600068569,-0.0007373760693892831,-0.0028342579767278477,0.00015602432295965416,-0.0009541830788646626,-0.0006056142073582048,-0.00039105463782158884,-2.5396573290293274,-0.00048121834577791834,0.0004306401674923789,-0.00047027469559178455,0.002366932232589249,-0.0007378980875610519,0.0003428222079970947,0.000439879179925142,-0.0004427126689549279,-0.00015249923031052177
44,0.0006924520449921727,-0.00142957956091932,0.0001442631587346896,0.005024207723447544,-0.0030294431995150266,-0.17754464706702247,0.7254318067744294,-1.5978632665372607e-05,-0.00012392707171868418,0.0006472631461430868,-0.0014097337339231168,-0.002374664223977915,-0.0003273271373934335,0.0013038206696429945,1.0387146523260877,0.00017980349103883424,-0.0015496093329650015,-0.0003504109747074909,-0.00039331099330045026,-0.0012680543814267322,0.0001723812210053003,0.0006547739017104937,5.79472212463253e-05,0.00031778107505992166,0.0006035351518974366,-0.0006334498634634488,-0.0002541296208843933,-0.0011763690065322585,-0.0008700839850140814,5.914763893519594e-05,0.0008875663330653894,0.27403827654059054,0.002970481157005767,0.0005259740865389983,0.0003087535880986395,0.0002671038882227417,0.0016296529751403106,-0.0023691378911865958,-0.0009661443778681893,0.0015081038470502435,0.00019043401132362665,-0.00026320301552014766,-3.3165334218759517,-0.0016965752676731465,-0.0007615650885073468,0.002203666018646966,-0.0008932746491727256,-0.00021280889958644086,0.0003922537169251819,-0.0007608318054214197,-0.0007816309336936437
45,0.0035185463969858344,-0.0007474092694810407,0.0006591324357760134,-0.0019222683442646795,-0.0012699969550570632,0.22037907398272397,0.5436232459442925,-0.0004455085815735297,-0.0008341526764386387,-0.000881659771805176,0.0018341950689321905,0.001341106602181506,-0.000659652337739393,-0.0013483759083816778,-0.003159188471544871,-0.006296211194141375,0.004844472975180963,0.0004803844011952225,-0.0004250578675175845,0.06917440094558527,-0.0007513364793916627,-0.0004519611330330698,-0.001789732690781471,0.28943052985625944,0.004543285518491384,0.001562399567710546,0.002483262673428689,0.8958849120370942,0.31877599781629723,-0.0010192696408039452,-0.000737775972298331,0.0013576078470071411,2.616357336215021e-05,-0.0006679220982600877,0.00035142760392459276,0.0019380014800768513,0.07001088234236134,-0.000226975350851506,0.29673573694118244,0.0064967617112368274,0.00040520468991696773,0.0005370596591981359,-0.002099492740527791,-3.0039071599893266,0.0024807595458577556,-0.0006783596792615251,0.0025478726093266226,0.0011097950733675896,-0.0013210297053133549,0.002083219119995135,-0.0012412816667502016
46,0.003696856789063628,0.0031983060190426326,1.7383011066242696e-06,-0.38121469233956684,-0.001140763258688805,0.0015478875916532758,-0.0008401133872997079,-0.0004463171889341191,-0.00048819204129464113,-0.000728553527652458,-0.0010385839331650893,-0.0009680811810768234,0.0012845893248882865,-2.1555998811813866e-05,-0.0018128655721315176,-0.002802257488372135,0.0060368989558047415,-0.0016705505910570733,-0.0003333109765291944,-0.002101285960978498,-0.0007296803088238762,-0.00040155751325101166,-0.0009525163095499169,0.001612774075608469,0.002836052383187669,0.0013011338294690704,0.0003158336992088838,-0.0007235234134952438,0.0017718534779121691,-0.0006434252146388889,-0.009357023325302445,0.0013073106251000608,-0.0008191721029671812,-0.00042670279667386365,0.00038715955921455724,0.0002374395552290761,0.015603758436765034,-0.0009503760924657236,0.0014879050162757168,0.00038783391762265356,-0.00047682739991081674,-0.0003128943544147801,-0.0008233770620455433,0.0014307721809066077,-2.7400449775082536,-0.0003448183082287984,0.0012163584450672533,0.0012556281945784167,-0.00045986301460027967,0.002055067916451266,-0.10645729006190571
47,-0.6721652987599116,-0.0018208084811902226,-0.0005133030044499089,0.004111879462199092,-0.0008411510784367244,-0.1836343553675222,0.0025746785503893473,8.711191755605995e-05,0.0018674371541432333,-0.000736279464963228,-0.0010443635836896964,0.00030659186686154483,-0.00045440148250187624,0.009225701567021155,0.0013228039809405601,0.00033766603060819846,-0.0010729062842792768,-0.0015617867447739416,-0.00019535809870567294,-0.00011233140637353638,-0.000742208167087275,-0.00029915163148883117,-0.0007915769507526809,0.06679060188005331,-0.00035293856315803194,-0.0007979366902171794,-0.00042965216186132305,-0.0006203482796603394,-0.00010197613313112457,0.00039885723292365364,-0.0011965482989679174,0.003683250157257764,0.05689836503914754,-0.0003212227460630835,-0.00047945129323949984,0.00023181308957350658,0.008808497164103965,0.004591847352724175,-0.0014525460651074681,-0.0006664663980243172,-0.0003655221490734852,0.003228855556489418,0.0023439286251483427,-0.0007980611856439179,-0.0006023490795646076,-2.792312750823672,-0.001038348736266093,-0.0005036153558681284,-0.0006051993623082421,-0.0005666816158563664,0.0008308551046820799
48,0.03232105521184938,0.75602963666814,-4.095508511402744e-05,0.0037672033715337033,0.21610152498551552,0.7251974935228255,0.9952576799590742,-0.00015255060472663747,-0.001543624025752971,0.0007477888398484732,0.0006034396792652867,0.015070267430819559,-0.0005768523980717245,0.003344831997502395,0.31544995599740194,0.0008372578444245126,0.0008388058882417181,-0.0014732837045809024,0.001073699333961736,0.1958707582156531,-0.0006955843540319747,0.0007897291760556738,0.001113700445148996,0.26045466522669997,0.00026243409182542766,-0.02079043856681801,-0.0003519909816559953,0.0030934532253430514,-0.001002471239840734,0.002755182473355602,0.0035499174738384673,0.0021433474607570383,-4.0720001622536744e-05,0.0004489322185696361,-0.0015622628531426466,-0.00020862327197043043,0.4199161451450297,0.0002036091586580488,0.6772598811423377,-0.001118294360007638,-0.0015928307514487502,-0.00015583676882347284,3.32264317298864e-05,0.001294618148184391,0.001367702303551232,-0.0008258559827476997,-3.6990044926553014,0.003952680610055814,0.0004684246542079547,0.0023277222948542074,0.00604079646494504
49,-0.0015782649556999185,1.0601768698866285,0.0022720406561093057,-0.20112405987675017,0.021981715429663075,-0.00010276052895022468,0.1992782424274513,-0.0004984847810563122,0.0001564627556750281,-0.0006056824572075619,-0.0016366272780048683,-0.0009496674743734832,-0.0006994983385760461,-0.0009443398141558469,-0.004165386439946981,-0.0008537351650695945,1.918842143599282,-0.0016473478422610796,-0.00031709995342271734,-0.0019484927583507073,0.00014835574997220074,-0.0003025567754492802,0.0010156598960022693,0.0011168625473139012,0.0018659631227613267,0.17783357182396795,-0.00023961531734634895,-0.0009648439526570263,0.00035389462024503106,0.00041359689336788386,0.0016099352653870247,0.0017347208927043277,0.007561296872980605,-0.0004413107308131915,-0.0005523887179858143,-0.0008443954838929194,0.0001462973782786503,0.0005328111820313904,0.0006257686170992455,-0.0008725485724434044,-0.0006495290420844072,0.0006373780747238264,0.0004775014388562849,0.0004131752680489386,0.0012535093516217006,-0.0003182993338507534,0.0032415201331678534,-3.07020147201725,2.321487415062878e-05,0.0012632924332053944,-0.001124666080218632
50,-0.000311996339515236,0.13820683859271068,-0.00041575919103078746,0.0009029040220879837,0.0007484815945080285,-7.79007223824426e-05,0.000989651088267653,-0.000334280722662769,-3.407591349859345e-05,-0.0005208776284944054,-0.0010624996863486597,0.001514296770867685,-0.0005691562383713089,0.0003428539945411496,0.7338931310485831,0.11015308983682,0.00017981258627319607,0.32038582098687884,-0.00019303471518327168,0.25801478515538356,0.0038714186102391103,-0.0003185399456372192,0.0004516419843370895,-0.0011851319123797153,-0.0017752708561097669,0.004157693934232557,0.0009674000560967501,-0.0008338134688075885,0.0038936571053442824,-0.000569587840929169,5.484189305076146e-05,-0.0071496243543331586,0.0003372881450308256,-0.0004557219867567237,0.0022384130339083226,0.0006000456464004113,0.002905347847447352,0.0011211286617998635,0.4101079589006272,0.0020487580666281504,0.0006731150743786206,0.0009065733624717885,0.001337471513549122,-0.0012995781683053122,-0.0006473591180638674,-0.0004738620655700813,0.0013308169817265842,0.00031791421869107987,-3.3168807740054844,-0.0005194260609466523,0.00136147613797825
51,-0.0014222378424650843,0.0005939447654079843,-0.0004574596967918578,-0.0009859023200828256,-0.0007028081522671215,0.03734710378699804,-0.015518313365325742,-0.0004336736535515902,-0.0005447648561458752,-0.0008028631307038188,0.0010138245586442586,-0.001154623210234267,-0.000694201382385786,-0.001248306543446074,-0.0009854673920117864,-0.00593772216965546,0.0025772767482107714,-0.0021850683816219342,-0.0003064871936759294,-0.00102335045564511,-0.0009282218486552757,-0.00039893379672697766,-0.0011585019580537571,0.001477359994262185,0.002783412223261473,0.0011735141740502686,-0.00035585242442437095,-0.0008194187364398018,0.0016654805272412144,-0.0006924625471659918,-0.001951328697317244,0.0012991533742685469,-0.0009878713887158227,-0.0005891679695554339,-0.0006271503148064293,0.00013360589180366127,0.004053289369961404,-0.0011715334676527848,0.0015010316003166817,0.0003479148076683411,-0.0007055885516844115,-0.00032340039942210905,-0.0010081216404123697,0.0016183863837500947,0.0030267263761294514,-0.0004827735784988496,0.002976230363494014,0.0015154883132996865,-0.0006253378747866549,-2.6987230042369803,-0.17410873333491253
52,0.9906839186865906,0.6383857741272194,1.6021635969417696,0.00929802519449505,0.0019421470026839958,-0.07383474860857898,-1.4759482865734121,1.8889020211938565,0.46038487387301696,-0.319959215633355,0.6069552980004785,0.9017302090630999,0.49319035932096394,0.009441747079705588,0.009400403908297213,-0.8170695685650269,0.1027206522281939,0.00645282721997336,0.5675487801142706,-0.01920416102486656,0.17680247749779857,0.5432517055334779,-0.08391041636275251,-0.0015730389074150922,-0.8275713699520353,0.0016004835296636573,0.5278591163168513,0.007039132687954898,-0.2032151383437963,0.01739007776636956,-0.8747619803085405,0.0002895385988273707,-0.0003903707341305743,-0.18636132680901024,-0.055953215518828536,-0.20020298630379907,-1.4706494994401946,-0.0126065622930039,-0.014103687236459718,0.0031968517997223705,0.5441855986658762,-0.004463016475534478,0.0003701233947537713,-0.21714560745051892,-0.06656282458163088,0.04719377744804763,-0.07214946712230727,0.0022338279698490685,0.0004966641173515165,0.2241819305569991,1.16346188851479
