,KRAS (M),TP53 (M),CDKN2A/9p (Del),SMAD4/18q (Del),MYC/8q (Amp),TP53/17p (Del),ARID1A/1p (Del),SMAD4 (M),GNAS/20q (Amp),KRAS/12p (Amp),SETD2/3p (Del),DAXX/6p (Del),RBM10/Xp (Del),CDKN2A (M),SMARCA4/19p (Del),RNF43/17q (Amp),ARID1A (M),BRCA2/13q (Del),MEN1/11q (Del),TSC2/16p (Del),RNF43 (M),MEN1 (M),TGFBR2 (M),KDM6A (M),KMT2D (M),GNAS (M),DAXX (M),KMT2C (M),ATM (M),RBM10 (M),BRCA2 (M),ATRX (M),PIK3CA (M),SETD2 (M),TGFBR1 (M),RB1 (M),SMARCA4 (M),SMAD3 (M),MAP2K4 (M),TSC2 (M),BCOR (M),STK11 (M),U2AF1 (M),SF3B1 (M),PTPRT (M),Seeding
0,0.296945320075517,0.730158742995551,-0.10301534434082493,-0.14258807601344906,0.3119145191989669,-0.05766667629541048,0.10229928982780635,1.0077925505142284,0.08046839549928031,0.008499035079660038,1.7293758686976228,0.25897716300694335,0.008595677346884736,0.2526428196063794,0.0712186580616356,2.1205051842781137,-0.017264695887799202,0.4945391230732541,0.321749005709282,-0.009310832223894158,0.2280409445400494,0.04001185250856446,0.6595444908562423,-0.001324252448459232,-0.0808329316381017,1.2566920149916738,-0.11475261189069365,-0.013397354641161215,0.5170458222366988,0.003848126659917619,-0.04316790558430282,0.40804533937997806,-0.004970724084596792,-0.36578123451806777,-0.10144754805264015,0.015411918099213717,0.0012861267322297491,0.1598400498301192,0.1990059478012305,-0.019665430159760893,-0.2692880527078195,-0.031550039690164636,0.0010236144217915842,-0.001532072238074046,0.9639878029015467,1.4197926345122336
1,0.003465030318402072,-0.41739605704875077,-0.9658860674699443,-0.29319097547968664,-0.00908577826957024,-0.03352725744764659,-0.026839723486728976,0.5051576377381258,0.027644500861510417,0.48931917506955114,1.5878477304007597,0.6810010531080852,0.301586068145685,0.0012528863980495162,0.8511143688846335,0.3869136567244901,0.026690293438945138,-0.04163523472985915,-0.3344307212708258,-0.029849678003866453,-0.008810283091074095,0.0173230034617532,0.008970105822650967,-0.0008207877099757733,0.004077900817980142,0.002292934050945581,0.00016222476039441278,0.002908417805510782,0.05920400553427621,0.04326267068498411,-0.017942155262178336,-0.00035041437586755833,0.01150985537666158,-0.01158482533365235,0.014306666250896214,-0.005755519217927329,0.00038385609563428453,0.008147478265913517,0.0018561431796013587,-0.0010648134920001222,0.0023861753381936566,-0.001182000929083074,-0.0004889290574863234,-0.004379436267783633,0.0010282113877939396,3.3986398334314494
2,3.407658582509418,-2.1041062304669986,-0.5862503476335635,-0.7473216463515279,-0.6852172042572524,-0.025926819000153693,-1.3401476621334625,0.10872442031267336,-2.232529076167853,-0.010540136779358613,-1.4613842365798784,0.20314428901167766,-0.7451646187419798,0.024445590488674424,-0.00015422518664941255,0.07748812482358108,-0.9033535602448909,0.02822609737475932,-1.208819800899394,0.20604123921752604,-0.01907646449275724,-2.58110564394281,0.017364577821524237,0.000577098611556535,0.0009189139774715283,-0.1297198749221399,-1.0265635139746796,-0.00043380077626805046,-0.0007414724071609305,0.004690505529048163,-0.010166655136314283,-0.1266140170206564,0.00018372174063736453,-1.2252394352148857,3.1648075996186533e-06,0.0013485439683574264,-0.00016065810439243002,-9.697800695046309e-05,0.005837952672320029,-0.05192456741984492,-0.6114780983224821,0.0012498992316195157,0.0013982327941635501,-0.0027664018179436823,0.015318937871901564,-0.7958609662704634
3,2.942197611349795,0.02503684927296787,-0.8419939615192079,-0.5834114354300148,0.04170210129683667,-0.21803861377408124,-0.24878488874227955,-0.680819176444099,0.0005816517029585558,-0.00021702288198621397,-0.03774311008694873,0.014835121191471949,-0.018425254824948185,0.6697718062541764,-0.0014900671627935808,0.021765219140898462,-0.4502793989205092,-0.00047285980200471216,0.000876188068463944,-0.006349082440840802,-0.009465771004911633,-0.6542638621015726,-0.19249723399546076,8.570079777059792e-05,0.007207173022531893,-0.7062440650889619,0.004229975183204235,0.0033875867287263143,-1.5577687104014066,-1.2815186384414397,-1.0140900238833586,0.013287435063677007,-0.059863558715737196,-0.021401543344485328,-0.04036992672084683,0.35915514254180975,0.0057074229419105775,-0.7178220798962693,0.00034883773205942063,0.004575642201812013,-0.06714198414870587,-1.1794299135502124,0.0004086698642890596,-0.516847799295042,0.3418043346621018,-0.11197178890847485
4,0.5940709141503653,0.6832182945015828,0.31782252133905853,-0.2059704270215545,0.0502256635214718,0.30799549495790673,-0.2972545645398194,-0.013030055262095145,0.3497017164033285,0.5473649049194599,0.048759082816889496,0.03142101556142602,-0.0186648167587469,-1.5353616475523617,0.0422538341985765,-0.0027236538741625413,-0.003401202623580928,-0.02380985748807079,-0.17526685350696047,0.0006996695455721742,0.11758901305041611,-0.2596030925877046,-0.003351763441476575,0.007512184601550743,-0.008249752237127997,-0.0009968514148433103,-0.003316714271832274,-0.030106785200389882,-0.13128848495461287,0.0002660883764336712,-0.0014009026228572674,-0.0009071738311059408,-0.040796401834742646,-1.0058949144595946,0.003886738595412743,-1.7273681307742565,0.0008350345939086526,-0.0013620251034257877,-0.0015534835211313727,-0.0006725766351909565,-0.0028988941591129797,-0.007641749585747741,0.0025154098690217423,-0.0012823371238418952,-0.000794468798187608,0.39709145107502775
5,0.6813928837866985,0.7280988435106002,2.013807541063116,-0.596454774860152,-0.008012734925536244,-0.7282288205694901,-0.3403310194862772,0.0018056320338124964,0.006218485871709202,0.13713090208284273,0.008564497251625624,0.08477626270093602,-0.05601969283371318,0.3893965399120287,0.0017353813014657632,-0.032919557747171806,-0.17925562727487046,0.0007694098879748007,-0.02736792404692382,0.0007158594717818073,-0.0008472029145015154,-1.0830839213471388,-0.21083747530975527,-0.001309466912584282,0.005167909278590881,-7.633345687510924e-05,-0.018216104420457527,-0.002616453223791363,0.0016515363470535219,-0.3161336354677111,-0.0018825907515806514,-0.004836452123162224,0.00040462219847103376,-0.14946653052873365,-0.8292707916804839,0.005032093908087653,-0.204692051167866,-0.0016093372421192012,-0.0007146246531256847,0.000573721085809038,-0.0006887477120544425,0.01628119724208059,-0.0027721948433920684,-0.0011536380481951165,0.0014680080075944316,-0.2614832807401595
6,0.10612173980008889,0.3361709625495616,0.0023920419119809874,0.881153798272922,-0.1771214481568207,-0.0007996778948099285,0.1681820220478257,-0.007803056724586662,0.5570906977208613,1.012340613634602,-0.021096999150442372,-0.033113621113724685,-0.0001416258238739847,0.07922636240413336,-0.6356787647685734,0.011521537698167196,-0.14127441314660277,9.730116647289812e-06,-0.7880169586773428,0.002339590633543883,-0.01841802547408463,-0.45371760484499,-0.4621551080328881,-0.0026544923236950842,0.000980678524209308,0.0009472332500605855,-1.154062390817414,0.00022283184770301233,0.0016639786802706022,-0.009024605224087299,0.007909856454301615,-0.00795945269380502,-0.00223818003299168,-0.0012567249580334309,0.11080095675054193,0.0025527320050406253,-0.2102200957758997,-0.016917515390847918,0.0018057977172547689,-0.000808721353307232,0.0005713179360563944,0.18764267548498706,-0.2571234715626862,-0.0013526617915302693,0.0002527944962913054,0.2792348798760981
7,0.2677058988623954,1.2255245591466668,1.00103382618747,2.300266594024293,-0.004783148232272504,-2.2851810697255717,0.9530465418047995,-0.00173160207894737,0.004859474301417575,0.052693601739938443,-0.2540011227586106,0.6208503526029427,-0.01137944107627432,0.18066287474152157,-0.5480588282195237,-0.006961492518989913,-0.04099748626131008,-0.03513232094193435,0.607078683041435,0.003834043649059669,0.0011469601582768732,0.003449094794700972,0.10976851478086759,-0.0046522724222963965,0.23565410708551543,0.0008454493986633731,0.0009368764742713025,0.00711550755996073,0.0023099826673223995,-0.593158410547737,-0.0002849582948661108,-0.000408242169033109,0.24432481656355803,-0.006203789541923065,0.1565457693239641,0.7028171094912459,-0.0030388062819236613,-0.0015355680858917815,-0.0007873881316648653,0.0007163873861869366,0.0029866172884646463,0.6260524545487991,-0.02851906496423931,0.0008788342657112906,-0.008892889996486263,-0.0012950749215062856
8,-0.3084322732010473,-0.44621376893747866,0.8894027705795288,2.308738430839665,-0.00038293003143952575,-0.2915953230193574,-0.3001997740432073,0.4806732729510057,-0.005487390575840648,-0.0019001661706295166,0.07378513862261692,-0.8953488750842902,-0.004619346935342963,-0.0072028114492145075,-0.21898607351134358,0.0008299211414743155,-0.4249918198205897,-0.02248015096585734,0.6053771818654238,-0.37411294541441037,-0.0022997557887731723,0.3292491065167888,0.02836186326780973,0.0016297001299474675,0.13807181737794963,-0.0030409922670902975,0.001298774629982251,-0.0025084741320379146,-0.00012368151321152904,-0.006264842816718134,0.2820565951947951,-0.00032196343935012424,-0.0020034947748643274,-0.0023450418680543354,0.05268237415349652,0.39102243312132984,-0.00516304310274971,0.10061284866642917,0.008014034518454786,0.004097041952610223,-0.02276422476044367,-0.0017729202473339527,-0.0016042032751721754,-0.039636381981125304,-0.0010336582172415284,-0.0026335966760480905
9,1.2453691931986637,0.20184197475260893,0.005319212091557859,0.6466263662335606,-7.889620640583964e-05,0.08650172677530929,-0.0005370194252653534,-0.8436720759318054,-0.16359207686162566,-0.15921801411056388,0.016186960672961007,-0.015103583299450243,-0.02001902686964461,0.40707049034959336,-0.00042199471554277035,0.06696989738953431,0.25427098210869953,-0.0006508421656335997,-0.40717339944507297,-0.02327313424607318,0.1536385142111962,-0.5119716142400406,-0.3737850063736097,0.0006195011515911668,-0.013251898859601085,0.0034099917808710686,4.691409215303727e-05,0.00019048850979517151,-0.0016142181787330353,0.0012543052313724724,0.004089252818548511,-0.0007592425050665496,0.0011194705908781804,0.6149486607669725,-0.060736784858054726,-0.0032343477893230156,0.0002034275963868706,0.0011749598697456752,0.0035321486322842373,0.0011571106401218735,-0.002070601966395994,-0.004485415533595008,-0.0005593815017847634,0.0006809745737825912,-0.003944693038371339,-0.687785515685872
10,-0.35881452750118675,0.38762468412616224,0.052846344992803405,0.49725756872673865,1.2030433100899143,0.016051323167185584,-0.3043380995789129,-0.03805723867028599,-0.13565082319227378,-0.2575864693954532,0.0010206332909899975,-0.05420956627909591,-0.0025693716796972646,-0.029077937818505175,-0.0027378974115572366,0.11739729995873313,-0.16920064818659472,-0.0426923451468237,-0.4737436490982802,-0.009023724708308324,-0.3782127195834248,1.7645269045796366,-0.06627338143344874,0.012946042674479581,-0.0029395794759945726,-0.0010019771669094795,-0.0023052485715254964,-0.16685448770615902,-0.21677928575270414,-0.0013789138281827694,0.04615191575036816,-0.0008820535433909391,-0.15716168611121042,-0.0012252789627687534,-0.0019138653787436233,0.0027447334322304897,0.0006330712507407269,-0.002082587546797947,-0.00022190668284069497,0.003576033625358556,-0.002999128796944437,-0.00270136334032293,0.0012638866407921,-6.195739104019646e-05,-1.6372008519651386e-05,0.23434488530688327
11,-0.01696167641629072,0.03298563450535555,-0.008353093746464438,0.36281640915644253,-0.0030878047386002777,0.29564435832530617,-0.6979944378246936,0.011595779357482988,2.459015680402194,-0.7627133835194987,-0.0065749315740080685,-0.02667788835176268,-0.012852983452231034,-0.06412264624264048,-0.00355456943337729,0.4182857926741588,-0.5500781709584199,-0.00011769799435089074,-0.45291975550370317,0.0030383533534003773,-0.0008350908845240514,1.2751801710627877,8.542883124161267e-05,0.004127722808344703,-0.03595515135033498,-0.0003219431794879446,0.6377361782606392,-0.0022204677145013924,-0.0014248721511529758,-0.0002522825726456355,-0.46332729879873785,0.08075537463692833,-0.0024944413691242134,-0.039766679424252604,0.000821653877457644,-0.0008289776312771719,-0.00025428721298775033,-0.004060212720423762,-0.2527690872750897,-5.168941086322322e-05,-0.0020880592341230675,-0.5767044745336065,-0.006338114469318978,-0.0016539846434761689,-0.00079690739458533,0.6601058969934919
12,-1.2382554408086122,0.20086112228609426,1.1433585253726393,0.9861705344445538,0.26550035033678765,1.4934054235399432,1.2568356152555107,-0.04433088795029541,0.23888416435138335,0.4755936425323701,-1.7991057345744954,0.39464225213949233,0.3782733930939363,0.005351196752333824,1.0831995255020141,0.016804645607219913,0.21483089379250284,0.10330480861820969,1.0448557675621741,-0.0006711550710431918,0.00021948081756477638,0.1280114440877055,1.3517415240601411,0.06882154001856083,-0.24170814498231794,0.0128174902258551,6.044682471020364e-05,9.80953335497326e-05,-0.4773006195982546,-0.2853056848388724,-0.0022605283948076804,0.25045484618437946,-0.16405632839456927,0.002553340868652874,0.0013319204756069235,-0.0019965985720247917,-0.0015811213281530486,-1.095411527360914,-0.12172168231256537,-0.002207676371751383,0.0060070260915881975,-0.18560341300942867,0.13936771465333558,0.05436090689019812,-0.002429984430103464,0.0476448364991959
13,-0.02032359213522482,0.4390493305632529,0.5425391042013695,1.4027129546526835,0.13391868315466599,0.4456607693131191,1.3752631500421422,0.18551986957064692,-0.012825554780153528,-0.31349324513264365,-0.6959591665716488,-1.2830009324187819,0.0015308030375273036,-0.002208047222489092,-0.26700055711893544,-0.052379034347188935,-0.026480167692421792,-0.005644004643361552,1.7701423682225694,0.020889262784135207,0.09252686758528458,1.0486692808222784,-0.0011348040473095566,0.0010552747421846086,0.0020695380076036695,0.0003438775480505449,0.0014754169594953783,-0.0019865337386552172,-0.0006441395184363214,0.0006852640008180842,-0.7605159053215937,0.0013864695152515758,0.0006133707340605287,-0.5171557162709118,0.0016510831122387524,-0.027021035203255522,0.0002904555820275664,-0.0003094656150207293,0.18084129751748743,0.002047622988095314,-0.007397794775079123,0.008771838394469563,-0.0021784754118256626,0.0003633841045189781,0.0008047144429005549,-0.7418038405734474
14,0.08938281548055176,0.3516846438290758,0.6224518926214995,1.0178143143278084,0.20922987269820753,-0.0018662724284139315,0.07325006177386073,0.006603012663710104,0.28133383828699704,0.5247257135952419,0.010406898731496816,0.8496952341277475,-1.2001705920704915,0.06277976723835528,0.02459303941252333,-6.898724114233148e-08,-0.007859342869708234,-0.0020934412257565343,0.5060933779965424,0.5565026618769058,-0.23333046766351953,-0.0006023913867591257,-0.00018346505959435805,-0.00429839386565473,0.0013470790971667147,-0.00300537967848834,-0.0008573297122918665,0.0003902258182558088,0.0010136475922785436,-0.0007615664422199423,0.0005184950721627519,9.652484594275982e-05,0.0006773420048688622,-0.0013282482587324397,0.0006369695114348191,-0.0005956299164661524,0.00012410761816248895,0.0036734227063314785,-0.00433730539328301,-0.0007543082277744329,7.832736438149231e-06,-0.002147601260622992,0.00165798176500327,-0.0013507764406397468,-0.0008666709711512791,-0.002803821778144009
15,1.3659743507768025,0.30375076434431414,-0.3299679760777394,0.00027336330544688804,0.32855463360205556,0.005907551282893525,-0.03314919334202541,-0.0006566038181266353,-0.30404923058650846,-0.022506192285987447,0.0014187967075364762,-0.43899468597494223,-0.0011389225691997933,-1.357854714760462,0.0009446273036540525,0.00015505052637150725,-0.0811587714642656,-0.0031076945677892547,-0.009291983230364361,-0.0006660903941662334,0.00011488636549456953,0.006175366626252907,0.0017064381801114616,-0.002224235858306368,-0.005202781261755308,0.001435170764658401,-0.0018156188966804772,0.0018297198611552416,0.0005013387426433764,-0.022182330180868678,-0.006868938909424742,0.018822695749850064,-2.7281956370775188e-05,-0.0027134294744767585,-0.0010005002633039573,-0.8276583063260213,-0.0007957322801333004,0.0018003297135396833,-1.7047543757815187e-05,-0.0014132942860481661,0.0006710613852587814,-0.019750259507229067,-0.0016761515583490567,-0.0004765216321765042,-0.0012252282237084123,-0.006757348348065824
16,0.009896122398158446,0.8044313693996891,0.7567452851956685,1.2377469920757291,-0.00433523950893743,0.7782953659800341,0.2099608121087715,-0.026474905356062547,0.08158071233702842,0.31996090025032614,-0.1231090800908276,1.1059909441748865,0.8200732456000089,0.5058988622859464,-2.7245223882911502,0.03320694029650815,0.001364475052685376,0.28483997049339405,0.601958197098102,0.41046635673503923,-0.8546939016042441,-0.6189050987391227,-0.0008820743530553333,0.0011119318385065754,-0.3360126038440004,-0.0005559022554123364,0.0008183502518623182,0.00024939509889684885,-0.0002154652087781282,0.002165699455067241,-0.0016629992143950272,0.00038317477134594254,-0.0009882197667530077,-0.0016289157760013865,-0.0010780257311865569,0.003782685871836919,0.0027183849821490907,-0.00022860464780589487,-0.0014608245922454047,0.0006833935061121705,-0.00043607786321937,0.0022632179863614076,0.042249768003510824,0.0011441187430173759,-0.001148437676558317,0.3023015207319619
17,-0.6319831680733544,0.023121653723274602,0.009369879037337108,0.20863004268147556,0.5479097804942916,0.5346035820733863,0.042781820829497344,-0.6295552495377664,2.2542530170254063,1.6597632918437621,0.0018056998808640631,-0.17570679444274195,0.07539607896040844,0.017874071259818977,-0.0025598557593331734,-1.998654072770277,-0.001250117118055597,0.0015089505634683636,-0.001732128745180294,-0.0012999571605583904,-0.0014386983269740856,1.1750285469795998,-0.00035747793431583936,0.006705903218316365,0.00228393841010854,-0.002431291342862408,0.8684266771414592,-0.00015932802691396745,-0.0002924031812262581,-0.002255185378485295,-0.0012868953677591664,0.7611296911332776,-0.18110988766939373,-0.008232149466704938,-0.001329167217430573,-0.0029407305052575614,-0.002175579303978017,-9.229084996634351e-05,-0.00032071094436540655,0.0023193495615650797,0.00036400058417503773,-0.0014225456040390149,0.0022147299977808162,0.006547765295767934,0.0005070975334892606,0.043301813776409896
18,-0.00808101278443352,-0.09709703074468853,-0.004990514962519142,-0.004268733927620768,-0.02540196511626485,-0.004093204475120752,-0.10600261562604499,-0.0012380508068630652,-0.09700976831017741,-0.00529673601484995,0.001509133385566107,-0.0057833012991658755,-0.01001508332687018,-0.0044646986460368295,-0.00044700506724534904,-0.0005750086765699114,-0.5030947466191951,0.0001255677695908833,-0.14471691292246347,-7.346850234092731e-05,-0.003887047060445609,-0.7318788983557591,0.002474368420199508,1.8042542483184406e-05,4.158524885428505e-05,-0.001155379928598065,-1.2666273319523966e-05,0.009159445619876354,-0.000333365280559073,-0.02946925432745692,0.005736600692630707,0.00040560663407160846,-0.0016322042389596125,0.691634264541085,0.00029713908423497455,-0.0006228035169805796,-0.00034639895468104086,-0.0005778175210126153,0.0009093804658392362,-0.0003815029244283811,0.0014402276311518685,-0.0016897938911288823,-0.0008236642087405665,7.301223481526871e-05,0.0006456635240828322,-0.14516956768672776
19,-0.32819059046004023,0.5288744090314544,0.5983396864634771,1.2423854197006894,0.2808147358103826,0.8383173574670524,0.2945261106859517,0.0016652234903662974,-0.08550312301979038,0.20834545048609374,0.7735122390099073,0.3273816035086383,0.30471144009917484,-0.0024430014467314186,0.4816905149480742,0.008448527094378001,0.26208218520517806,-2.4543807982891295,1.1335715959058106,0.7687483718515775,-0.0011582232279598954,-0.0008694118569287023,0.01303036267518042,0.0005427749802134044,0.39303370151774314,-0.0003713088891079821,-0.0009228897468821527,-0.0012464885434864022,0.0017999933176538853,0.0008114666898375718,0.010495857536185562,-0.0013122111955515105,0.002525385607337574,0.0005230798101595642,-0.00019707766506833204,0.0028483200169078203,0.0015506581455608476,0.0020806427749533738,0.0007354077535394747,-0.004738944889524652,-0.00044098763018282194,1.561212031257795,0.13263043218052933,-0.0009632603277042523,0.00028555729126122426,-0.05990831826017696
20,-1.8802596366693702,-0.2565245818149922,-0.026531788919194187,1.812313370437732,-0.02564782387798089,0.01196256065967909,1.0405228816696668,-0.26226343314992,0.08540378642253733,0.019905743932802034,0.02979718656290428,-0.3678456952097647,0.37899360690465483,0.0004401691354899138,0.4627034943955211,0.0024685086900632183,-0.3731834526514465,0.017804163577841734,-0.45017672959537625,-0.025157220164209373,-0.005077133554848891,1.0489539714321092,-0.0018625293818661933,5.363279152719779e-05,-0.01325132295992258,0.0005222275862763243,-0.017892567145911656,0.00014665792938372012,-0.0003135823846104744,-0.0014410695920471289,0.003555467971538213,-0.00040030888629072423,0.0003969231146933022,-0.10022342392745819,-0.0020780736805745986,0.001463448178430804,-0.0013786933241632488,0.0059985512348384225,-0.0014308097904365737,0.0008260597646737958,-0.0010361658864901494,0.007678385759777621,0.0005366529922545647,-0.0006470924789592743,-0.0024707354021456375,-0.0768573210332301
21,-1.0535736046785675,0.8969836813171075,0.9666843321695798,0.8588994456031854,0.04132916199164191,0.06355332423408094,1.6439050602390457,-0.11046579323403227,0.0012816370157585225,0.006871507440477299,0.04364679129203407,0.1252219784087775,0.38098042771244645,0.006107434180840931,-0.001009915507611832,-0.0008314450101788199,0.12190180889923555,-0.008267869416808536,1.5896804509080338,-2.2616881898373307,-0.0020904477991976725,0.9845964769109317,-0.0012745052834637971,-0.09614440588772463,-0.19361461812030184,-0.0001242062668259698,0.14346290929721833,-0.0016876298631287798,-0.001413703133157745,0.001274158266013148,-0.0010571702869321732,0.002390588528881251,-0.0011948580201250618,0.0014792076359699357,-0.2049826639887017,1.056915370249111,0.0018042084482149745,0.0013424861837254374,-0.0014123531949405584,0.03754986032095892,0.00024253281675366828,-0.0016511935855505972,0.0005217585619390272,-0.0002325637014555295,-0.000740473571248082,0.12154866361410246
22,0.07315627153859927,-0.13564930760268837,-0.01862794921403324,-0.7127786756672274,-0.08260179440246292,-0.010766908449137736,-0.12292926783335963,-0.00030615274701015303,-0.0030401865092965783,-0.013597337363096762,-0.0011644283331233526,-0.04212657790244266,0.0003593520617000776,0.0011703701914633072,0.009851669331839622,-0.0009498585660911418,0.0004949315359260328,-0.005941301221945649,-0.390502634925292,-0.000763743665201125,-0.9020410694080171,-0.23169246745139513,0.0005107223939791601,-0.0006050485692857001,0.0007776117298260989,1.3067373839057848,-0.0006375716971385381,0.002960613474479697,0.0008529034813606748,0.0038271457979145705,0.000884748012127048,-0.0006202308085343365,0.0007117552255281583,0.16215725929758504,0.008845378518771345,0.0002999641844339199,0.00019355205099678592,0.0008099234481857636,-0.0005716445561083436,0.00043534210144356695,0.6694109822253816,0.0012410360306453875,-0.00031741019656816253,-2.8929465580904942e-05,0.0011110507345920267,-0.464974234110815
23,-3.4192628723734946,-1.0529631490986722,-0.3016250219119986,0.011645176523600613,-0.035834114798356846,-0.01946414429677127,-0.009965077954074324,0.012152364187782127,-0.029420089925374412,0.014403716310417685,0.0005901845564101915,0.09368616562649226,-0.3889726529281294,-0.004506465961577407,-0.001892112626697078,0.00558674658450963,-0.22778969900154014,-0.002028035238769108,2.1577716507322635,0.009595653186757855,-0.002082081851948363,-0.023751777157806468,-0.0005506078862217024,-0.00017222214160087903,0.001447915299305398,-0.0030406352091055526,0.03773978449388571,-0.0005835968690097318,0.00023884168488269385,0.00036613986173477634,-0.001165872304716348,0.011081991055360875,0.0001629801224594787,-0.03423337017562167,-0.0008700374323209566,-0.001027018106470401,-0.0002069899868326738,-0.0004968621994516922,-0.0007041193687291516,0.0007195870683878794,-0.0022011184157797663,2.3862612932438775e-05,-2.0162091312357408e-06,-0.0002929499889488506,7.531701363688441e-05,-0.6631695437367126
24,0.5101832030315023,-0.2094886841064703,0.0046601677819743375,-0.07784377811623557,-0.22747917553183175,-0.007408683309472474,0.0007090679962583942,-0.08343150171186933,-0.05319659842984653,0.001547395198787087,-6.657010803110298e-05,0.0003843591358426602,-0.0005003791860734603,6.517432517557132e-05,-0.00011890405866622734,-0.0003326581017563529,0.16817042883559205,0.0016036416530946199,0.001646818409398583,-0.000770279790096395,0.0005211079092476658,0.000953176770410712,-1.5740240093604012,-0.0006013938871768383,-9.641537742733719e-05,-7.006833202574931e-05,-0.0006757987545039017,0.002243331164808643,-0.00018680520703515165,0.002339263564070212,-0.0004589303483227172,-0.0006651031958218464,0.003541487482208551,0.0015721023565811202,-0.0009578331180043839,-0.00021629429818241727,0.0001393967767337569,-0.00048362681951731113,-0.00021906873837044944,0.0010146321511578136,-0.0005759571190557337,0.001628687401991884,0.0007858526024349994,0.0008425430005421009,-0.0002366414925108791,-0.4822751961572138
25,0.29655396675006973,0.3236665464788122,0.34825961175547054,0.17409263124913438,-0.0025510859732896856,8.191100237651489e-06,-0.0023687704095464563,0.0007768471630968826,-0.0014511713757292917,0.001319015722473672,0.0005719463563614368,0.044092707778040065,-0.0002247785603877506,-0.0020645259729996164,0.0012982692716897747,0.0005159546526675912,-1.5622809596881987e-05,0.0005578423464465678,-0.0008639081457533795,-0.002733524706429578,-0.0010417134701832722,-0.001000930622857861,-0.00015225038617996066,-2.0878204573583536,-0.0011374341154856249,-0.00014352293884079944,-0.0008274723542792047,-0.0012572976858500294,0.0005331770218294607,-9.598621911379553e-05,-0.0003020070707384688,-0.0005655816540764873,0.00025420910949649784,-0.00029622679998438475,0.0007269651773235817,-0.0007229040229687491,0.0005592794489782103,0.0006257917746884791,0.001916503107263202,7.650580094085056e-05,-0.00039381227172222914,-0.00031296968686141526,-0.0004669591629144853,-0.0001926357627344022,0.0017833456271057055,-0.06348881570056501
26,-0.0003860018179330524,0.00035422502637966614,0.0033621009346881526,0.054958008542699166,-0.0001201730202773662,0.0020616281297632776,-0.002287318692558908,-0.0005815528620260724,-0.002070755669214373,-0.0006855131143836222,0.0009361966517756299,0.031855799267800106,0.0013224865770925477,-0.0017207705659396772,-0.00039544283643846816,-2.067635187053609e-05,0.00025397062267190753,0.00010801278464748218,0.001582704354081235,9.097411555432651e-05,0.0014319321649325098,0.0006807724652249883,-0.0004018824001353933,-0.0007445397101738769,-1.60863116636618,4.804726638678305e-06,-0.0007610015382725786,0.0022186740555510823,-0.0004460349856229224,-0.0011898454151040903,0.0015835210665564544,-0.00029619650011519197,0.00761928952456396,1.3033064701333226,0.0022764448507353475,-0.0009505014489446003,-3.843906586754502e-05,0.0010236625347958084,0.0005466527373100277,0.0007430006168364909,0.00012072001920601026,0.002091803706684096,-0.0002735492209683992,0.0002092592401475241,0.0007895816061097425,0.01335094592989273
27,0.006528719481115445,-0.9550593837363369,-0.36257548684143265,0.00716419883572162,-0.0008067227373189811,0.0007012974402448129,-0.01994635606515845,0.015011766899137531,-0.0003234602941752931,-0.0027349560728092553,-0.00018875923205955748,-0.03703978108942396,-0.012750957285195302,0.003969064151995765,-0.0038636891423366516,-0.0014278231142419062,0.00028635307547012715,-0.0006059932976083909,-0.0005317064131739765,0.0002310479285667841,1.4268640104892787,-0.39345033596473555,-0.0003574066699415993,0.00044008346945768477,0.000698659691561908,-1.2103098074924488,-0.0015003709866779598,0.0026215434642044445,0.0006873377880160945,0.5862286900302628,-0.0011812502162984748,-0.0003539129642319756,0.9123908948838918,0.010059646530822794,0.001960970543666073,0.002593842099956793,-0.0007053689718444248,0.0002866001875167809,5.3519341184946276e-05,-0.000821857796517695,0.2940856690636397,-0.0016538993654310074,3.232223993406969e-06,-0.0011963013854201297,0.000386888585241319,-0.36134474668715344
28,-2.330699583369969,0.03408008468325225,0.01670055974902225,-0.09667157378548312,-0.3138174482739176,-0.031921658056048886,0.002404832730980057,-0.01014377696370866,0.8745672598640482,0.48959402118750783,1.9422502961923945e-05,-0.0011278175758058179,-0.0002496893788459184,-0.0006754421684081724,0.00018472883178910954,0.1347958511967463,-0.001611198410162514,0.0006357456506061907,-0.005677015306960975,0.0010883726816232901,-0.0008909028404096399,2.4959788883772998,-0.00030199687412613206,-0.00021554123061583811,-0.0011325168980386073,-0.0006871058427878909,-1.6657433013097414,-0.00047019366556295955,-0.0008358175845683449,-0.0013775696094992175,-5.7430581199338654e-05,-0.9625352381081365,-0.0016565081902844211,-0.015213179861557269,-6.947870933930642e-05,-8.188345631318738e-05,0.0008156357878511653,-0.0001527755718858356,-0.00024598962766709707,-0.01605239596213593,-9.613942284437824e-05,-0.0004596764745375695,0.0007387851482455338,-0.0001550232138891009,-0.0004993169782405221,0.004060689475963078
29,-0.002487434813264259,-0.009769377604493222,-0.5437447524703662,0.009202306018223139,-0.003155423157456899,0.0002845218736518282,-0.00010988450063317422,-0.0006312339727820846,-0.00026467772188507613,-0.0019877885305496753,-0.0032908134757908577,-0.000547446037220256,-0.0008116583221460642,0.0021119558373469383,-0.0007053673987364161,2.3880623791426772e-05,0.7405208720081677,-3.1407268227625934e-05,0.0014122028886054052,-0.0008568572109258584,0.00946475231727625,0.003616715383512163,0.0016958822008577479,-0.001184857793863835,0.004905562776100917,0.0020763970260946367,0.00019878070667830788,-1.781840788390777,-0.00014001665572958063,0.002275191207274313,0.0003305161015931045,-0.0001372431461263506,0.003338553451527248,1.218602995034928,0.0005266659785917848,-0.0008275240250277005,0.000217205714150371,-0.00033491771440901383,-0.0006095556261637391,0.00112898201025985,0.02721642229954892,0.0014118733018315343,-0.00045065257328024316,0.0004437942708284092,3.212968127090319e-05,-0.05575372291042733
30,-0.0015875634366186889,-0.5813633275507909,-0.03509428623004721,-0.011914171934350872,-0.0008118022262291137,-0.0025533356854644785,-0.001490908296809258,-0.0010502097464808906,-0.2778215491397118,0.00533008064107935,-0.0077068821547863955,0.002213359534991049,-0.0007374294705170141,0.00021987193433671256,-0.0011759563121896096,-0.0002404088946610777,-0.00045462950208914176,0.0002221008118284173,-0.001412987538189638,-0.001223938813776158,0.0012469765588123374,-0.0009171962411523344,-0.0003046543611814737,0.00015506605829543777,-0.0003877338388658926,0.00043038164092385546,0.0004822832689754009,-0.000120076087037236,-1.7644143066375957,-3.3102559265635046e-05,0.00047126760210906366,-3.8883742759064764e-05,0.0010707323056921402,-0.0003678917468989385,0.00039729223769468185,0.000302126179637719,-2.773027909449163e-07,-0.0001076369794186743,-0.0004963490372110173,-0.000235629907522709,0.0010697297643351821,0.0013999302912841263,0.00010062779878861277,7.552171823784128e-05,4.123591904687852e-05,0.12485910786541815
31,0.12029791859852361,-0.40883325435965145,-0.0012329040219112898,0.005879648410257059,-0.003864650416040486,-0.0070291541900705514,-0.017105740946404963,-0.00012586758749411558,-0.0019395078192818596,-0.0018496739843291577,0.0017968125897347624,0.0006702375274611864,-0.0007903340111893715,-0.002851534905437258,0.0003181191355014905,-0.0006645264634216454,0.5905596983489211,-0.00035355000549948536,-0.0018672745976731056,0.00027692161929691736,0.0008936690300998746,-0.000718198579454016,0.0008318720890854159,0.0001705707822405377,-0.001274298777198492,-0.00047081308987063334,-0.0011120879957280708,0.001277118364023591,-8.333973192787297e-05,-1.8535819843439145,0.001256547686825963,-0.0003091914862209556,0.000776772148615202,-1.941100015619598e-05,-0.0007099714501615761,0.00024356004296305377,0.0002789320071530685,-0.0006477349664273624,-0.00017255922357174505,0.00011572726239407943,0.0011722219022253875,-0.00024625381591709755,-0.00041153554221336924,0.00034733537806965457,2.9117621135979682e-05,-0.19778870837022772
32,-0.0009678639142970407,-0.2528471100150919,-0.0001994107701839255,-0.0016723014668916833,0.001280933880085073,-0.0012221499542863362,0.0004326751939587973,-0.003205088812756173,0.0006907919569246511,0.005072933027182075,-0.00023287776457272426,-0.0020730006304519226,-0.0006000525891634238,-0.002043707400074997,-0.0009003906240177171,-0.0004333330272787967,0.5104687837569647,0.0006951470876929048,-0.0008947256802716471,-0.00041666436355973616,0.0011905769177649838,-0.0033106092460797503,-0.00016383584384761275,-0.00034432499334276527,0.0014352716479422312,-0.0006341921665428327,0.0004943865481422908,3.9547849606111984e-05,0.0005366944813039777,0.0016666101541923353,-2.017595112986706,0.00036494366124682754,0.0005488174804750861,0.00032978512402603567,-0.00043117060412362984,-0.00010198195038999064,0.0005447374869159806,0.0013187597846649273,4.607221377064799e-05,0.0005440627773175652,0.0021399981510195833,0.0003120359364634252,-0.00039225152665038653,-0.00042399186692775774,0.0006876106553995202,0.00831437171700821
33,-2.0078428382286533,-0.09471788940066969,-0.0024676284627051953,-0.22706307356673644,-0.0018885381665725085,-0.05563071749915977,0.0001625783705974041,0.010061840195132279,1.6669362728918673,0.9392214738864169,-3.09342397793489e-05,0.00031774207089900486,0.0020124165969276865,-0.0009837045604937254,0.0003774328293207566,0.60934381179464,0.0004953865439597683,-0.0007432811491923416,0.8464306461150974,0.020452697831657738,-0.0008276840426456298,1.8912120891476478,-0.00047991590413423723,-0.0008631538929951022,-0.0016649846866753533,2.070242267535121e-05,-1.4006493113113687,-0.001648547441066672,-0.0005889491214689023,-0.0005529581865708911,0.0005632719534621714,-2.2507185352017647,-0.0015463587303251756,-0.0004327852036070815,-0.00038531066315032804,-0.000515227870489766,6.55915535544741e-05,0.0003600552527566023,-0.00018955978291804114,-0.0009492119721970806,-0.0010577310868048696,0.00023695759723995,-0.00032779051699457156,-0.00015273496196411407,0.00045260571688891175,-0.10535007694279037
34,-0.0012723806126609598,-0.04623038047491197,-0.31858899437940025,-0.06317597413110704,-0.0029874953493560803,-0.0005594568830877357,-0.0010862877068809835,4.609030217221088e-05,-0.0015618789620791735,-0.003293023339613138,-0.0008174929541570665,0.0004208559711394081,-0.00046715394046188626,-0.00044299324967584546,-0.0006115781313020703,-0.000917501114952624,-0.0006361382793289245,0.0005509776007696297,0.006866712810901633,-0.0004279536795598359,0.0007846176470463887,0.001562426443660542,0.001567425052258473,4.6100135562482195e-05,0.0041244267129192545,0.024780880628851847,-0.0011301292394794962,0.0026677981120130116,0.0010254737097072858,0.0010752851846969908,0.00044974082993491237,-0.0005324513152076902,-1.8429832483724082,0.005140152654342372,2.277098137357352e-05,0.0015200060275556958,0.00030765905353174203,0.0008593164537498534,-7.364275185990501e-05,-6.167171952247467e-05,0.0017142380065650574,0.0020481315319333887,-1.4939052561570499e-05,2.1913775679007064e-05,-0.0004192448337461171,-0.0011995232685306273
35,-0.8754939342138132,-0.2652308524541792,-0.4854434853678109,-0.20246879852775737,-0.00022961338884754486,-0.012642527674440178,-0.45368237665190025,0.00029047796982751916,0.004975771947747706,-0.0002553391132694232,0.0001576818191237847,-0.00036486405558411187,-0.003726469922786146,-0.0017483512813901583,5.941321822153825e-05,0.03672980488508882,0.0533168410234945,4.42326983772392e-05,-0.0015432730829695648,-0.0015575947776538452,-0.017045972426173,1.5341693376377576,6.753221218570158e-05,-0.00034488447479091134,0.02846147673720261,0.00010457198278543066,0.030124965885245814,-0.0003944861311146584,-0.00017483816764039562,0.00011588882713950977,0.0002718797708366673,-3.3174078111091276e-05,0.0004964707317594506,-1.3495047366253243,0.00046389783935309496,-0.0002706793312299335,0.0003496898607112921,0.00014684464580089497,-0.0003619789203808843,-0.0003274356529385467,0.0007019485268896189,0.001896128583560222,-0.000329087384078977,0.00014315160980039602,0.00023416262124087997,-0.02194927894937915
36,-0.00027694209079986895,-0.05229494662202017,0.0013661877487382618,-0.005189315259568249,0.0009140809957118266,0.001627700983090245,0.0008707590434044829,-0.001027777096133014,-0.0020384156921951085,0.001529447199304959,0.0003788890687639733,0.00012074960579819934,6.63052438487293e-05,0.0002764664325174008,-0.00038832509802894024,-0.0008732820871842924,0.001818690510811423,-0.0003210396950039775,-0.0014659879647818167,-0.00213858918963596,0.003445743030406112,-0.000866251016397964,-0.0007549227614808906,0.000417836366487396,0.008267434939396244,0.001267880932961745,0.0004029305829937073,0.0004785982280206289,0.000710609448559231,-0.00044597044379970723,-0.0004948224783455378,-0.00048418623480955033,1.638902123605148e-05,0.009803139547549189,-1.988579755460428,-0.0008243730017691332,-0.0005769616478959118,0.00028180685049481987,0.00031554935400826355,-0.00044694748739701256,0.002939159795088156,0.000863101801594177,-8.869384968830007e-05,-4.0470219246302784e-07,3.7537577892840818e-06,-0.01904550246396422
37,0.004258708931363797,-0.0010906008690084418,-0.4533384083226218,-0.002093780557105821,0.00020972938099246698,-0.0008899516565805681,0.000455121700167466,-0.0024403783975377614,0.0013632306575637012,-0.0015337257333733303,-0.0005447576240280765,-0.002096037479782124,-0.0011497242808315743,-0.05778583260544338,-0.00027077025441007985,-0.00045867049771704596,-0.0009564357270343274,0.00021530971908361886,-0.0007810878942025981,-0.00027546157290585227,0.0006834789373444157,-0.0018516052505109651,-0.00020614620154819446,-0.0006169292169353325,-0.0009300242538551129,0.0016849197587289824,-0.0004231800181474715,-0.0005028255651592531,0.00016696242683308794,-3.785844085133112e-05,-0.0004284227791256371,-0.0004707562899938225,0.0006525280622186706,-0.000931547915559942,-0.0008549716994301615,-1.815703825708858,-0.000473213407736994,-0.0005016123567223833,-0.00042677013867373095,-7.915126157866362e-05,-0.0002525880071666688,0.0008094647330853794,-0.00034356467404300303,-0.0004066480549136721,3.005418795016926e-05,-0.4450357670521901
38,0.0008830840934197611,0.01094274380874933,0.0012234056572668582,0.004164022531803886,-0.00800488068153014,0.0050970195015859684,0.010755171635659817,0.0007867412663201366,-0.000369579504743243,-0.0001898812048471995,-0.00010798535446723922,-0.00021879588374180002,-2.2631307612539262e-05,-0.0008456529217084013,0.0004995345582755064,-0.0003811399757119597,-0.0004930737777953653,0.000285923888369914,-0.0015072231649411242,0.0006126776517343289,8.62523666470291e-05,0.00012908898379481313,8.305576119202549e-05,0.0003855101004903781,-0.0001497592425161339,-0.0005950944766014563,0.0010515430968503737,0.0001452931740987255,-0.00016906119511433658,0.0003346311282938634,0.00013927764901173418,0.00026053788256441465,0.0003093827404360985,3.872989281843155e-05,-0.0007044874887141002,-0.0006094092956636204,-2.3391635870539256,0.00011613209108000554,0.0005355119263162184,0.0006248589099377308,5.303119982245209e-05,-1.5912920560853958e-05,-0.00033633007228510593,0.0002079290910669794,7.494084154575849e-05,0.010393513010546787
39,0.0009059556760510398,-0.016334150694445066,-0.0006075961538745277,-5.0694508660615445e-05,-0.001989892924654866,-0.0009208331220170805,0.00037070106721662465,0.0020125135612802003,-0.0015928657686309355,-0.002819658378129512,-0.004488414179694613,-0.00017831907794561104,0.00032346590672756287,7.200503757200893e-05,-0.00046086326749458946,-0.0005113084931349298,-0.00013442075201065877,-0.00041765720599072176,-0.0015102173468757069,-0.000522616156422065,0.0004341079854087802,-0.0017312226395588069,-0.0003283357248080471,0.0005175808488524131,0.0007926099396663495,-3.5759545844234186e-05,0.00021803870306050363,-0.00034182992674896645,-0.00011455152670713613,-0.0007000783952020702,0.001501974640106761,0.00011218956072805506,0.0008117082543283952,0.0003927003375028015,0.0004140709709893831,-0.0005707429308346008,8.996167190556973e-06,-2.3664585697744456,0.0006194472737703163,-0.00030857621018290496,-4.1498894038254265e-05,-0.00045365923998658705,-0.0003130441094570889,0.001760323142363092,-0.000275671915489735,-0.006280977849551418
40,-0.0008795095820440305,0.007214992529345829,-0.0004590277540205092,-0.0013932938571985377,9.624590463854872e-05,-0.0026458145307839704,0.0015255118669235542,0.0010910215138016004,-0.0024654511673937573,-0.0013114661130179273,-0.0006230128831618078,-0.0005168632135282221,-0.0011449058884283076,0.0001273435446150389,-0.0007810640012324137,-0.000523720218150946,0.0006584555960724558,-0.00015056195683836192,-0.0006947183315335206,-0.0007228874534204008,-0.0008332400247070559,-0.0016734100380930443,-0.0003004137947419318,0.0012980311556290887,0.000503343361145721,-0.00026069481930663204,-0.0006856377928455841,-0.0007726692409988983,-0.0005396094136020629,-5.395187531645436e-05,-0.00021344295668317703,-0.000324683634770584,-0.00014057576152158097,-0.0010346119828827244,0.00043348367255061207,-0.0005622724679654873,0.00058597814006859,0.0005360008741408692,-2.3932576200731477,-0.00030099088656948607,-0.0004865739194224814,5.06897952991248e-05,0.00012058585776575546,-0.0002963860803996336,0.001947857492804153,-0.00632830133795299
41,-2.083372145557655,-0.030674743985064718,0.3730773739934734,-0.006146293094354851,0.0018080885595170167,-0.0013781030545940904,0.6972129713078732,0.0006456075852036641,1.2563537228607968,0.04595052947231932,3.966448153071709e-05,3.211080641599675e-05,-0.00012207170084942124,-0.0012677576152838844,3.5274920914870804e-05,1.1759165704041217,7.767985130112356e-05,-0.0006902313283586799,0.001500705033864275,-0.0008811686842434925,0.0005693848924769142,0.30690496981368137,0.0010155266519848798,-0.0003878124660348549,0.0013330345390270017,-0.0004783968515031253,1.29825705654518,0.0013616886978548026,0.00020415026439176976,-8.148356078623035e-05,0.0011667407536211938,0.0004550253472287735,3.565257003912456e-05,-0.0006204221190974713,-0.000412789194275237,0.00019962474168628034,0.0005777187482187634,-0.00020379555811069996,-0.0002805112823402459,-2.421217371979484,-0.0007643528014338014,0.0004969682801945659,0.00016445532177504718,-0.00019727837857941963,0.000297227118695444,0.39178751974574716
42,-0.6712952682592535,-0.23882617654465577,-0.0019366298393923276,0.0002897273995547786,0.0002000639846173405,0.000263616740292382,-0.0018662971592025247,-0.0006103516116856734,-0.0015814470271183175,-0.0013210275940645907,8.4821636254757e-05,-0.0014721777736063652,-0.0004886223867878281,0.000421380037644848,-0.00045734415946576675,-0.000412541918086641,0.004242672941853126,-0.00041606326167190034,-0.00044065734788522237,-0.00028032287219442677,-0.0139508241485164,-0.0020358092907051006,-0.00017577780029252797,-0.00014797752524264092,0.00017100215277926603,0.001201796702008277,4.574637238691866e-05,0.001625451243604698,0.0005533413002913302,0.001383608215259249,0.001914621149087223,-0.0004195215218169411,0.0010269182550429014,0.37743434266386117,0.0012824359473308687,9.804682747865026e-05,7.591125431963955e-05,0.00017368780431450324,-0.00026849587848878584,-0.00036597310290938464,-2.0630813652213296,-0.0003844686181006922,-0.00019943207446509556,0.00014664609225055106,-6.826399370256535e-05,-0.00037797754906961366
43,-0.0009771107446955583,-0.09863147449570502,-0.0023156505204992733,-0.0001986858626682998,0.0006813449048868026,0.00019933140511760677,0.00011967277843964461,-0.0005993466990291858,-0.000879411367206642,-0.0012782210995093072,-0.0005010726166039631,0.00030167993163883943,-0.00035466252783721773,-0.0018601745795864297,0.00039493187828195113,-0.0004749379826399403,-0.0021385099593690237,0.010767030020717203,0.009811030746735987,-0.0003642949298051628,4.0362032072372174e-05,0.0017774875133216928,0.0005443577572395936,-0.0003164745715562701,0.0008724810378104092,-0.0004265161812485724,0.00013681918992577988,0.0008237096351496142,0.0015049099887512079,-5.440748804501257e-05,-0.00045076171406740995,-0.000190252010513554,0.0019458833094339633,0.0019173947810231426,-5.510553507461153e-05,0.0010690329748162376,0.00017651598912276677,-0.0002900137005061166,0.0001868354419550941,-0.0001688004588015511,-0.00037683132163519813,-2.6271797145504583,-0.0002283574033751119,-0.0002263655042883825,-1.1292704762585569e-05,0.0002357286022349088
44,0.4676462999030955,0.02131639255118803,0.0018590322125057808,-0.0007933953206807499,-0.0015606212489264737,-0.0006388753020219269,-0.0013989470999858833,-0.0005102529111898369,-0.0002703181437629018,-0.0009579859104244608,-0.00010941322578313326,-0.0015762846393700771,0.0008356255000059367,-0.0017366668760026812,0.000759661322208802,0.00037062861686815065,-0.0012327594079495814,0.000525669844717667,-0.00026963540134405196,0.00014251591898925827,6.316891786309583e-05,-0.00028906148533127405,0.0006772619388063831,-0.00031048922216400676,-0.000491728718683852,-2.7145202278674657e-05,0.0003965500147540869,-0.0007344109308498316,-0.00010136211772742515,-0.0006797283855875733,-0.0006544661508050565,-0.00023664697745831332,-9.547645048283603e-05,-0.0008235028562510537,-2.789601520616474e-05,-0.0005573906886707096,-0.00041084332947781546,-0.0003746304661668265,0.00015215166647367578,0.00014743380458532817,-0.0004051016582186337,-0.00043817701917358225,-2.895802937393982,-0.00030240112480332777,-0.0002496882470625576,0.1892596280322995
45,-0.014402838085419211,-0.006185565730124295,-0.007375099141086179,-0.0011345798788679673,-0.002518939827889673,-0.0009426012196366992,-0.0018274013071637356,0.00032264163711168175,-0.0012983440847371193,-0.0010444061164822,-0.00017673558656755207,-0.001067835586400936,-0.0004892317808287683,7.64148709741732e-05,0.00019438169052769796,0.00017021841473714006,0.0001356409125606481,-0.000538422185380385,-0.0006851679416232306,-0.0006750531777867736,-0.0002443983959401383,-0.0012880270188524727,0.0006477146222473004,-0.00019121805800686632,-0.0008208254410081367,0.0020875564480276874,-0.0005470012044720253,0.00029254206722558666,-1.9413872112100603e-05,0.0005396669083467837,-0.0005106243669203989,-0.0002602939667953709,-3.4680214143399106e-05,-0.0003016143825481268,-6.341193821391752e-06,-0.00044260434610217473,9.131500610171508e-05,0.0006663133086639458,-0.0002749868860989539,-0.00024083068210064716,0.00018783986076266666,-0.0003502389820919836,-0.00024264294091369188,-2.6064175468300226,-0.00021438255281809772,-0.007063315849005568
46,-0.08396715248294874,-0.0009245073114885721,-0.0006991886928668823,-0.002293191008726202,1.2880177749575298e-05,-0.011247930707080083,-0.001955040317572247,-0.0007935451987886637,0.001950805750155808,-0.0013481001391434586,-0.0004650753865254323,-0.00018165727702014434,-0.0007155712661992171,-0.0009706383465470509,-0.0009251410300213166,0.00017463364164463135,0.002665171601122694,0.00010914994938935089,-0.0003071849069674216,0.0005029471158683653,0.013674104388495126,0.0004203715235000475,-0.00020979019587293984,0.0005784687025776121,0.0012935812281687114,0.0010611634132627649,-0.0007754255350279524,0.0004705222609980042,-6.564875932183122e-05,0.0007441452451542458,0.0011719327165594332,0.001838200535282289,-0.0006857721628360705,0.0012434124359803633,-0.00013117996132575488,-5.8857854712835476e-05,0.00015015156023675313,-0.00039831413108551395,0.0013206565090255217,0.0009496568985808727,0.0002460561194065535,0.0010297079854076074,-0.00032395676585760306,-0.00031197701263854013,-2.2799926522555736,0.008558225202419768
47,0.0863257524654441,0.5836888987300896,-0.4619486891425701,-0.21337873445544517,-0.25921661730097745,0.0577934448119526,-0.0050806617064141696,0.27902213366637507,0.030863101243580843,0.20773801153263666,0.854855624319919,-1.0658337484597693,-0.004230943520560368,-0.5968034122128465,0.005230367405212202,0.08241549147073401,-0.13491257119881417,-0.03785459097137329,-0.5569463136484697,0.001570791994255098,0.0012274066125556918,-0.005677272741416742,-0.01917324459744882,0.0013193332939550396,-0.4423056449914023,0.025408673503076695,0.6603427639226495,0.0005327235484519741,0.3815117321666709,0.004430135483059164,0.6360881410199983,0.032016033298391595,0.0007563182500798969,-1.0065052153026104,0.007406772881108524,-0.14409082730233783,0.051991417179851014,0.0025787644373549976,-0.0009948017860461817,0.0010132734265139594,-9.67354765785838e-05,0.0030214688605418854,-0.0003333100191202931,0.0012269691340190659,-0.5541655218825882,2.3349830585009794
