,P.Mut.KRAS,P.Mut.TP53,P.Mut.SMAD4,P.Mut.CDKN2A,P.Mut.ARID1A,P.Mut.RNF43,P.Mut.MEN1,P.Mut.TGFBR2,P.Mut.KDM6A,P.Mut.KMT2D,P.Mut.GNAS,P.Mut.DAXX,P.Mut.KMT2C,P.Mut.ATM,P.Mut.RBM10,P.Mut.BRCA2,P.Mut.SETD2,P.Mut.ATRX,P.Mut.PIK3CA,P.Mut.RB1,P.Mut.TGFBR1,P.Mut.SMARCA4,P.Mut.SMAD3,P.Mut.MAP2K4,P.Mut.TSC2,P.Mut.BCOR,P.Mut.U2AF1,P.Mut.SF3B1,P.Mut.STK11,P.Mut.PTPRT,P.Mut.PBRM1,P.Mut.PTPRS,P.Mut.PTEN,P.Mut.APC,P.Mut.ZFHX3,P.Mut.ARID2,P.Mut.BRAF,P.Mut.MGA,P.Mut.PREX2,P.Mut.EPHB1,P.Mut.EP300,P.Mut.ELF3,P.Mut.KMT2B,P.Mut.NOTCH1,P.Mut.FBXW7,P.Mut.ERBB3,P.Mut.SOX9,P.Mut.ERBB4,P.Mut.NF1,P.Mut.FLT4,Seeding,Sampling
P.Mut.KRAS,-2.5893732299909105,-1.252540636466497,1.681903330440435,0.001958346112077144,0.0016679027666513806,-0.26740567473459115,-3.0667174366267616,-0.0008501375451247377,-0.00041569543981276926,0.0003933161148079826,-0.00034672544042222255,-0.994750105285243,0.0013368482632029972,0.002462455221966185,0.0001303017069107388,-0.13879731304696014,-0.0006150702690521555,-1.2409026878464335,0.0003286024428439135,-0.00025190449681448376,6.514565288350576e-05,-0.000753546279983199,0.0005691565348850822,0.0009473502078548639,-0.0011584461405354375,-0.000509434210976359,0.0016571936842237746,0.0016106120126879908,1.0680993215664574e-05,-0.0008222451874201171,-0.0005803202207898842,0.0005289475103873776,-1.937412156531796,-0.000549567970259945,-0.000562451304867702,1.4211189299934652e-05,-1.0462920580731696,0.00010861596959292238,0.0008828535986424837,-0.0007133473373223767,-0.003291589423691858,-6.90029921241971e-05,0.000781677433969831,0.00015602341018829225,0.0004013491071655081,0.001194846070265427,0.0004762981760292706,0.0,9.185378373264324e-05,6.739591962059445e-05,-1.017230009062999,-3.7630345768968105
P.Mut.TP53,3.0363882304740977,-5.676042319534592,-0.2600092740809945,0.8788223885577839,0.003045526913828695,-0.8199480466247594,0.0018405369520351506,-0.00031552880483703565,0.0004924967579749481,-0.0006755341301966572,0.0009091620209365318,0.0010642487148850904,-0.0012054294833765107,-2.7811978729164717,-0.0004337991224462302,0.0009114964001302569,0.004334130977392251,0.008573042642410194,-0.0008227696317645928,0.0009326771224263686,-0.00013899054394914958,-0.0002230930522975664,-0.0002339607207524073,-1.252942918268173,0.002886402114195237,-0.00013711328176102815,-0.0007643655283178279,-0.5553102712081819,-1.1260693124062518e-05,0.0007878639534269661,-0.00018212317887450713,0.00048298783085645903,-0.00302880978807227,-0.0002416586667636434,-0.000634624267727871,0.0009352362243813748,-0.0006552088653185793,0.00018464634420875021,0.0014566589268014225,-0.00041525716265410084,7.683652945735632e-05,0.0001322766799850462,0.0012246114204349265,0.0002932156702096107,0.00025039121769147556,0.0014592904822085073,-0.001810536122081729,0.0,0.00017406199289508092,0.00012663318697535462,0.0013247120368492502,-2.5675101783232104
P.Mut.SMAD4,-0.001387698086381125,-0.02197272083183345,-4.893604231729121,0.0012891912876198143,0.0012237945021956603,-0.001115202050158595,-1.4645231539042909,-0.0007254106178695176,4.1893073162712034e-05,0.0026335898029879764,0.001150296268742483,-0.07001813302899172,0.007419957560190633,-0.0013896705838191096,0.0002073014689121105,-0.0031790850283500024,0.0013000926074756415,-0.001665598704660569,-0.00046732373565615666,0.0021915259392578847,-0.0007427922710091766,0.0016975698075288677,-0.00015854322893036216,-0.0013064824012291303,-0.0010028855720711726,-0.0005083467580548158,-0.00042274765141803937,0.0009303868765543837,-0.0003543468190504609,3.693102732990921e-05,-0.0003907512167213064,0.0018527943517824808,-0.0025903007491077483,0.00016124487912026902,0.0014569118893449611,-0.0016866440641094703,-0.0009505701322568962,0.00017218230305688745,-0.0024579848346233967,-0.0004320975824974245,-9.434874989509799e-06,-0.00013582583167072494,-0.0022755674225712424,-0.0002750311993014981,-0.000325735578717702,-0.0003973409657792137,-0.0018393653655900408,0.0,-9.045041384240567e-05,-0.00012896080085272535,-0.9440790658780627,0.0
P.Mut.CDKN2A,-0.0003417515989783972,0.00032064378989949435,-0.00016709386770498463,-5.713242888144885,-0.0012063493594184076,-0.0013892015628728153,-0.016297853779017234,0.00032494147058528545,-0.00015428120868701443,-0.001685301098832201,-0.0006442290289071648,-0.0020988170950068884,-0.007564484660292499,-0.002718198904421072,-0.00011366211353046285,-0.0015619250599710763,-0.0021317819573505557,-0.0019642608233066414,-0.00030607501933515425,-0.0013686537824563877,-4.071618705980632e-05,-0.0012385418037456908,0.0027963389162175764,-0.0006546903864922515,-0.0033241273009506377,0.000621695201243202,-0.0005724990867650884,-0.0022277053787427416,-0.0002266401567583303,-0.0006155639898860378,0.0002917716105578041,0.0024416152307122235,-0.001078169572390017,-9.704190027800362e-05,0.0037627653443019094,-0.00026619177163459643,-0.0005517614543575976,0.0002578791519329018,-0.0011983006488070784,0.0001520694941937184,-0.0003676526454780276,-8.131013865322159e-05,-0.0011485943785364582,-0.00011121051476239454,0.0025779956083996306,-0.00026827342502603246,-0.0008942027428636971,0.0,-5.2521780357962786e-05,0.0003082000025240413,-0.24571788313702167,0.0
P.Mut.ARID1A,-0.002842402321553021,-1.5994397951440285,-0.11480053327349307,-0.0004007435687528964,-5.945728815611129,-0.0021723506300817446,-0.0007497939091863435,0.00044160892857245294,-3.4951483066611246e-05,-0.000565678660357678,-0.00020826123341914198,-0.001168538412058479,-7.482832377755945e-05,2.0268751053134273,0.00020156899009978613,-0.0008163379477956309,-0.00024428239374005485,-0.0016103609530928168,-7.627676071877623e-05,-0.0002985499721801367,0.00016765407480521385,-0.0005176238435418495,-0.00018374566753992963,-0.0004924351106468983,-0.0006750583282477795,0.0002689930195540674,-0.00022268094462487228,-0.0010404522195322499,-4.238560924992578e-05,-0.00017699679258113246,0.0002862091681702864,-0.00034891333002450795,-5.0314913880753414e-05,-3.4192378265513416e-05,0.00029167993682481394,0.00015815811163657277,1.244526593843372,-2.9601624169357916e-05,-0.0002947893716128489,0.00015084934586726174,0.00025801665020639325,-4.80893863676282e-05,-0.00027862608575217833,0.00022152736455192037,-8.251758058748805e-05,-0.0001350447748530377,0.00340083969141914,0.0,-2.158172241055713e-05,-3.2340289758192814e-05,-0.049590210771615635,0.0
P.Mut.RNF43,-1.4614081269558856,-0.0018829730284543364,-0.0007219535257458124,0.002112627308902348,-0.0012368003966499893,-6.00843970850824,-0.16222942264650442,-0.00016191931836766546,-7.119236981911956e-05,-0.0002739309195746088,0.0006708101844692635,-0.003995978139023248,-0.0003262864053685239,-0.00046526897271371927,-3.889971102502174e-05,-0.00036614138319349885,-4.8975332466598534e-05,-0.000918786445013269,-5.492045924975537e-05,0.00014388614221213126,0.00018618489629145207,-0.0005199044012112398,-5.237050232904203e-05,-0.00017866116481887983,-0.0008104030464295181,0.0002410926672325409,-2.316203451193855e-05,0.0017035745878320801,-4.796004783106792e-05,-5.999346038020115e-05,0.00025305451215756604,-0.00023735293177282375,-0.0004109643221148923,-7.396424704170633e-05,2.2848545832291853e-05,0.00016955686980458433,-0.00029346337003374756,-3.571719511073944e-05,-0.00017515816742550534,0.0002211459846963743,-0.00012353745045382087,-5.101748358802946e-05,-0.00016453828182714147,0.0003006069398029631,-4.3830979030519e-05,-3.88173944252277e-05,-0.0001432715768464338,0.0,-1.666339057073999e-05,0.000304977143441596,-1.2028663953744083,0.0
P.Mut.MEN1,-2.988962907895452,-0.45551500474752743,-0.0021552429476104223,-0.003715495127434938,-0.00021484433168745252,-0.004603792517919212,-4.920058848339496,0.00037338174413668423,-0.0001314120751877501,0.0006052211613679154,-0.0006631106957747347,-0.0009013019202703552,-0.000345599268323148,-0.0006550311733989843,-5.120501942761269e-05,-0.0007964368436880568,0.0001967203158167766,0.0007254517563556229,0.000430416161051311,-0.00019221560053583547,-0.0004907923963764351,-0.0005507127432813564,-5.136263591377021e-05,-0.0002831566442756724,-0.00011373764803540078,-0.0003913470248766045,-0.00014525465294687337,-0.00040301504231642993,0.00046995787245095535,-0.00018154288001879528,-0.0003809658756164751,-0.0001622781193253852,-0.0027177719806483033,-0.00013320466063988768,-0.00012625817651022606,6.903258587883221e-07,-0.0007890540874497467,-3.807145779147079e-05,0.0003392841553231893,-0.0003692976000520225,0.00024689059957937534,0.0002386605197069733,0.0003513017315539287,-4.4834984788818084e-05,-4.136039330121694e-05,-2.9059885661310208e-05,-0.00019900389111983553,0.0,-1.8214659424378504e-05,-2.6583468681436884e-05,-1.4430435960755594,0.0
P.Mut.TGFBR2,0.0006226542280901039,0.0011205066359652551,-0.0022083128402541055,0.009848965466105997,0.0001127717825042369,-0.00048040920025430663,-0.0006803618765334963,-8.070228482587169,-2.4714235044120984e-05,0.00015241359667049972,-0.00016449728941877589,-0.0006742163055405016,-5.340577818192704e-05,-0.0002582374570985692,-2.2460000341685815e-05,-0.00016865440468591473,9.75399204273897e-05,-0.00016496203731429065,0.0002724691954122645,-0.00013473970461623896,-6.384586801567127e-05,-0.000109127694379242,-7.1352081799686e-05,-5.545646208093861e-05,-0.00027311845652233516,-2.176282759796147e-05,-8.482043492631183e-05,-0.00023332203511851744,0.0002766309051074936,-8.801432046157657e-05,-2.925728976539002e-05,-0.00015583742631531132,-0.0002334185577232127,-2.0264909777620855e-05,0.00025077466869813907,0.0005696545715669151,-5.398039407199102e-05,-2.2357942136721228e-05,0.00019657130417908772,-5.1259131377241624e-05,0.0005974748489317439,-1.785943140808889e-05,0.0001994857955439171,0.0003145476284219642,-4.857395939619973e-05,0.00029073754440256074,-0.00011165884809110672,0.0,-1.0595230340636924e-05,-1.332758075719609e-05,0.0008080627174838692,0.0
P.Mut.KDM6A,-0.0011273713439423894,-0.00020815261392902588,-0.00016774118675554688,-0.0003002893705800334,-0.00018955754647285197,-0.00011787758998642848,-0.0002249884673853845,-1.3958128658437617e-05,-9.364426384574882,-4.710260911835259e-05,-4.300644087920816e-05,-0.00018353045256104918,-0.00010229499223925144,-5.750429460903498e-05,-1.1424218814580981e-05,-3.705387371795789e-05,-5.287251814875595e-05,-5.5459953060459774e-05,-1.89807478156823e-05,-2.9242786031676646e-05,-2.7559956279533497e-05,-4.1582597481206596e-05,-1.0774372680337287e-05,0.00029940441332575456,-5.806853123067367e-05,-1.5527877600863707e-05,-3.080922709875899e-05,-4.6611810061332226e-05,-1.5218677083696238e-05,0.0003364689236519814,-1.6958271048510804e-05,-4.87661029353064e-05,-6.266735004600431e-05,0.00034841250194547654,-6.238780252520251e-05,-3.43024809240574e-05,-2.50949138396409e-05,-1.1398332391780344e-05,-2.4490821116541342e-05,-2.4257690881673853e-05,0.00034159411692315423,-1.0206879860607546e-05,-2.376148874099456e-05,-1.1500403957407555e-05,-3.008616440068569e-08,-2.2140181841536957e-05,-2.5655040163943868e-05,0.0,-6.523944784378539e-06,-8.754964424839297e-06,-0.0009966315028816367,0.0
P.Mut.KMT2D,0.0010843290038841408,-0.02572129215209404,-0.0002187701852721831,-0.001303341928524096,-0.0009407649623603983,0.4230332591624148,-0.0005684642080832539,0.0002918779563013699,-2.9854138354745008e-05,-7.755443617144925,-0.00023998822758206865,-0.0009278875414612378,0.003613751981363085,-0.00036098840765498504,-2.2586891651611036e-05,-0.0002055282470469815,0.00040145883389634324,-0.0002443933804090595,0.00030563018485469,-0.0001677342253747488,0.00027041119890798283,-0.00015891696206662436,-0.0002553375624668713,-0.00011021738412444837,-0.0003637384308647322,-4.832974121740392e-05,-8.51751312171204e-05,1.3060021410384837,0.0003120621063777891,-0.00013976289017242493,-3.900435768086013e-05,-0.00021839009887999,-0.0003792880740653354,-2.0372491128140293e-05,0.00019347916014190666,0.0002394964426496011,-9.600173225685292e-05,-2.2440892706862366e-05,0.000204360560949294,-7.2388731187282e-05,0.00029590882401695775,-1.8514307490502122e-05,0.00021211005259385104,-2.4819456761939653e-05,-5.321027167644198e-05,-5.89721825976058e-05,-0.00012197474419872613,0.0,-8.22402653798836e-06,-1.6672908036084074e-05,-0.000916121545026958,0.0
P.Mut.GNAS,-7.367310727076818e-05,-0.7276785120121451,0.6848797094181595,-0.0008085540328260922,-0.0007153330066288405,0.0004391741524218194,-0.0015947190040844948,-7.916988531785272e-05,-3.136331476063992e-05,-0.0002993717127468869,-7.476400687724673,-0.0011438017662724887,-0.0002793883498033434,-0.0005870808721322413,-2.8755010588905412e-05,-0.00022468052511260024,4.9044934835046464e-05,-0.00031419839843243,0.00032286733027751596,0.00013829066052131387,0.00029416471646988095,-0.0001968843945430284,-0.00010017472906230314,-0.0001095799964522586,-0.0004297509526369022,0.0003302428412484858,-6.945381571784025e-05,-0.00011135422170795833,-3.157868604358234e-05,-0.00013057101866649484,0.0003358109723622369,-0.00025799376101504014,0.00020056928787805884,-2.3799644091388037e-05,0.0001383570052691437,0.000283991033741999,-0.00012399632217416023,-2.5169543142102307e-05,-0.00010581313413576769,0.0003031312231133219,-3.2684646373159004e-05,-2.0843847470571784e-05,-0.00010411205075511362,-2.2664864096768505e-05,-5.065844542387456e-05,-4.362940144446151e-05,-0.00017340936202023876,0.0,-1.0773233305771263e-05,-1.382939300475763e-05,-0.0008463348510899746,0.0
P.Mut.DAXX,-1.0052764178902722,-0.0023828227406334185,-0.0032339362848158772,-0.0013508806362007954,0.0008777156130246932,-0.0009206985437019904,3.8841389069032686,-0.000573781315593223,-3.421002801926562e-05,-0.0008643897038333894,-0.0002239644549671672,-7.200597778218743,-0.0007435819610885621,-0.0003321862549939461,-1.9264500759672844e-05,-0.0003544722286119982,-0.0006752113567626237,-0.0014832935525328271,-0.0004400631400847782,-0.0001648819000428015,-7.87651628473971e-05,0.00015509857887713533,-0.00011583133004799842,-0.00011194450964324061,0.0005980976677405431,-5.3694221513252414e-05,0.002814560129801228,-0.000300359057764859,-0.00043261525466948897,-0.00011668868423833303,-4.7291192830385074e-05,-0.00020853878160956033,0.0002058962488111129,-2.7200633540701817e-05,-0.0007943520618771357,-0.0005050062653518855,-0.00018712754065287497,-1.8482057966598806e-05,-0.0005481590259321516,0.0009354244615843799,-0.0004612199285535534,-0.0003762176310108494,-0.0005445195885864773,-1.8862079191086695e-05,-7.482139179973315e-05,-6.265012256086629e-05,-0.0001248852535049567,0.0,-7.926612447465677e-06,-1.2861455428676482e-05,0.5076349056353804,0.0
P.Mut.KMT2C,-0.0034062667142090697,-0.6326731917698716,0.0006475342499645039,-0.0018622916064899918,0.004718877586564478,-0.0006737568342220301,0.00315056014523651,0.00024177330915855718,-3.84407196133153e-05,0.0032666369354530512,2.7481766966876385e-05,0.0030904485928930324,-6.957593545365307,-0.0008277603909530857,-3.191220255636977e-05,-0.00036613076260802636,0.0003168748479430273,-0.0005483366697573475,0.00028894674471958396,-0.00022664566342199652,0.0002578743280049018,-0.00027507048471253604,-0.00012818230029618583,-0.0001838425716735363,0.0022221999033848446,0.0003183414723315064,-0.00013598131525493736,-0.0005169166312240026,0.0003040575163019129,-0.00014314386539346786,0.00032817501892653183,-0.0003053098242601272,-2.641958642748115e-05,-2.7439701255466892e-05,0.0005849018848123474,0.0005838251546204673,-0.00018437429370257616,-2.8404435314916622e-05,0.00014428857664490417,0.0002686049080449823,0.00027535840345411784,-2.8066556338069734e-05,0.00014689163084855375,-2.9607226703613384e-05,-8.340323637729346e-05,-8.021390729045659e-05,-0.0002793630820204479,0.0,-1.1374362576865719e-05,-1.7854763973616515e-05,-0.013841195005734202,0.0
P.Mut.ATM,-0.0005500566942717263,-1.2220894273147083,-8.081356625793292e-05,-0.0008211542487235337,3.459456926429777e-05,-0.0008090009302400566,-0.002311356930040705,-0.00010935998949576764,-2.807183306165615e-05,-0.0002149334568836065,-0.00023082840192990397,-0.0013691154805804474,-0.0005212069024540613,-6.922054557245491,-2.7677919076719396e-05,-0.0002339498464699987,-0.00026684548194961437,-0.0004537199655640523,-4.6261979238601905e-05,-0.00015747539510825784,-0.00012673864152267674,-0.0001969518988510771,-7.675955100516705e-05,-0.0001713611587716873,-0.00042558652484589297,-6.649353110685784e-05,-9.578115099167467e-05,-0.0003394210070445066,-2.9990698964355896e-05,-7.580110697694682e-05,-5.9168471644030404e-05,-0.00014222252620184927,-0.000543128528160875,-2.303996032686591e-05,-0.0002661041263789505,-0.0001337789169943112,-0.00014411455489442575,-2.232149842353711e-05,-0.0001308554429244134,-0.00010059381435798722,-5.816752568918289e-05,-2.611407203407953e-05,-0.00012336847379689568,-2.411704410761924e-05,-3.9948961083142396e-05,-4.665602577684394e-05,0.0015608408505247838,0.0,-5.996383038071851e-06,-1.267020956979903e-05,-0.6247025678869297,0.0
P.Mut.RBM10,-0.00017746113690158153,-0.0005781751379325239,8.464088077426832e-06,-0.00020916837996170218,0.0003580108135844384,-8.74244984399494e-05,-0.00015343805335057604,-3.449794908743105e-05,-1.1941162689247554e-05,-2.7204572230189762e-05,-1.721162166214218e-05,-0.00010700404011956122,-8.315422961937822e-05,-4.157592482659959e-05,-9.796304363884069,-2.055697132449772e-05,-5.040758985306565e-05,-1.4760500381522012e-05,-1.5833913305740378e-05,-1.1063389402572327e-05,-2.34414103393489e-05,-4.4103399415667594e-05,-3.059783847504847e-05,-2.0267975058350017e-05,-3.720319883772544e-05,-1.5750799194630237e-05,-9.491175437497379e-06,-4.0309959357335357e-05,-1.1681856980172971e-05,-1.8641876447083969e-06,-1.1047162953269979e-05,-2.4960400774628706e-05,-2.9622328687670338e-05,-9.310384113244816e-06,0.0007829781505961895,-2.767285466241166e-05,-2.4372144585851778e-05,-9.605862519998814e-06,-4.203574073250813e-05,-2.1333907861092117e-05,-1.4779052315220134e-05,-9.002373092979657e-06,-4.160313923919469e-05,-9.613186883596137e-06,-7.748806180181319e-06,-1.8443083403023782e-05,-4.830708563828541e-06,0.0,-3.496812013432952e-06,-7.105194207769299e-06,-0.0006774893879090992,0.0
P.Mut.BRCA2,-1.1001973539589496,-0.010925276876660749,-0.002139847649314785,-0.0014235153286394275,-0.0011985647987573281,-0.0008900473690361171,-0.003493790629744031,-0.00010323007997172416,-3.417357508319798e-05,-0.0001765725655885981,-0.0002415017319993523,-0.0021441426678872866,-0.0005368799134400538,-0.0002697441903346482,-1.8952500282128415e-05,-7.1017524518354005,-0.000390544392263383,-0.00046702515120919966,-3.4757450252370455e-05,-0.00012021820173335275,-0.00015049634414894254,-0.0003014926916641599,-6.454374254789452e-05,-9.987948850824862e-05,0.0016588905467976303,-0.00011536507285857457,-8.203785206499075e-05,-0.00022875021839510737,-2.7287742707361112e-05,-0.00013909822147873256,-0.00011005547143622899,-0.00014514793353550927,0.9064505233061664,-2.7968947549688988e-05,-0.0003221500557910724,-0.0001738394001327909,-0.0001611211938225023,-1.7976046010726064e-05,-0.00010038640731014753,-0.00016660109252481368,-6.101723507309049e-05,-2.1549742989873757e-05,-9.778172765238152e-05,-1.8459256018106574e-05,-5.2309187290020607e-05,-5.085298420854058e-05,-0.00010489690140134057,0.0,-2.81761849778636e-06,-8.650702390563653e-06,-0.000590678413321874,0.0
P.Mut.SETD2,-0.0025056739841863686,0.0013166640573220693,-0.000823965529670176,-0.0019834516354544206,-0.0009280135712831718,-0.00046380732060928115,0.25181071179631276,0.00026444747120185787,-3.629992292430859e-05,0.0004039917347512486,6.9133248021748e-05,0.002291666229593178,3.1016012142143284e-05,-0.0004838659983515008,-2.7569232468108006e-05,-0.0002780447019961608,-7.474292229200515,-1.6526572331342886e-05,0.0003022611143769043,0.0028829312356754666,0.00025414444758288334,-0.0002327768538859485,-0.00014207758027772352,-0.00012837817924197224,0.0019320679810978809,0.00030330173797368137,-0.00013110481384212634,-0.0004229635111541354,0.00031106100753750774,-0.00013494444450377617,0.00031260019707812027,-0.000301206869220344,0.00015474965743946187,-2.4667426888692597e-05,0.0005713882830420549,0.0006016724983885083,-0.00011653380566427349,-2.7455591721968784e-05,0.00013539752736946967,0.00026660031007243217,0.0002900078383413515,0.00034147745220559336,0.0001703272068507402,-2.7483884039123966e-05,-8.339607871752489e-05,-7.134859081517014e-05,-0.00017277815508126207,0.0,-8.719772992940563e-06,-1.5863486329457507e-05,0.0029668648305345422,0.0
P.Mut.ATRX,-1.8413953863372874,-0.15555560317880204,-0.0011732023390588742,-0.001072319428486055,-0.0018510275213582568,-0.0007812245834987431,0.867916714025485,-8.83727955256315e-05,-4.533173059211825e-05,-0.00014378013006849654,-0.00018510850196724426,-0.00318297303674558,-0.0005481754726867348,-0.0002514195082172333,-2.0427880934733543e-05,-0.00023800936493096727,-5.227329790218312e-05,-6.502767392367547,-4.5179111893755785e-05,-8.855967175401536e-05,-0.000130918131558541,-0.0005618575772790116,-5.2234438472871816e-05,-9.325206487907033e-05,-0.0011856042900718498,-9.351223415680273e-05,-6.455518504461984e-05,-0.00019004649499700855,-3.312511194798721e-05,-6.544284869268357e-05,-8.564626665413536e-05,-0.00010439380151965433,-0.0010397313178301653,-4.024022561719875e-05,-0.00024518897377337733,-0.0001431533352644538,-0.00019626808454943132,-1.8008667746645288e-05,-7.977366327436601e-05,-0.00017735937577836598,-8.884581986463608e-05,0.00032497960709818914,-7.591879425095961e-05,-1.9256044284581766e-05,-2.8187217227706146e-05,-3.486474915267463e-05,-7.686213250985192e-05,0.0,-6.221361426912093e-06,-1.2337070446963849e-05,-0.862170661144699,0.0
P.Mut.PIK3CA,-0.00028517460955338993,-0.0008480679837178567,-0.0004754702504602322,-0.0003123649944663523,-0.0001943843792997196,-0.00013348680524076083,-1.0749809528846967e-05,0.00039717192108602845,-1.2083403073396718e-05,0.0003369834260940416,0.0003191098286760443,-0.0001647897409154047,0.000288405578084216,-6.0377822335077056e-05,-1.0419562070043103e-05,-6.412887429234434e-05,0.0003151003123001988,-5.558985006858929e-05,-9.360752668674065,-5.444914666355028e-05,-1.665351210912944e-05,-4.717625280778542e-05,-1.4421527786022233e-05,-3.117743036581085e-05,-7.245599657651295e-05,-1.4063330521745628e-05,-2.5162768596703007e-05,-6.0319077987877024e-05,0.00034706434979914474,-2.731484235769245e-05,-1.2122209799595855e-05,-4.04199357044087e-05,-8.993120662644313e-05,-9.928837572339692e-06,0.0004456902208044757,0.000335852512646738,-3.118745975982859e-05,-1.0429868634094376e-05,0.00033265264855192214,-1.4314152145356837e-05,0.0003444184282387317,-9.426891666130486e-06,0.0003323224025905206,-1.0416322899654768e-05,-2.2118943644857584e-05,-2.2499651850949597e-05,-3.220813567134999e-05,0.0,-1.4408606860707761e-06,-5.852877265938438e-06,-0.0010812461963292414,0.0
P.Mut.RB1,-1.2835721417776708e-05,-0.00026862731085798726,0.0007865248771319809,-0.0009432974704824497,-0.0005072845618807294,-1.5194304472187714e-05,-0.0006684610124952372,-7.650456457194883e-05,-1.991530032365097e-05,-0.00013345520237990145,0.00023785390463172484,-0.0005285611624366488,-0.0003151728336705584,-0.00020185461856997937,-1.591901404023821e-05,-0.0001408510917283106,0.00299762678612872,-0.00014514901176339773,-2.949230634251595e-05,-8.334380560976705,-5.173902607836904e-05,-8.831734117616782e-05,-7.936789470291768e-05,-6.538733637878068e-05,-0.0001996500493423803,-2.547323616637595e-05,-6.527894765113581e-05,-0.00017333664667222435,-2.4543830134614006e-05,-4.467845090212079e-05,-2.029805000796007e-05,-0.00013244847132379398,-0.0001867935631862626,-1.4708548696392337e-05,-0.00016695442790363847,-7.080410244290284e-05,-6.08920925960265e-05,0.00034379250996765414,-7.725612590425728e-05,-4.2442777984400803e-05,-3.8991374174341515e-05,-1.3560098347946661e-05,-7.234443782001127e-05,-1.5908652811086547e-05,-4.206851338652403e-05,-3.8815624608863167e-05,-8.922942672740227e-05,0.0,-4.3920256633223546e-06,-9.564429209666349e-06,-0.006535632098200237,0.0
P.Mut.TGFBR1,-0.0001823421746596916,-0.0010924878387793594,-0.0010534232942750882,-0.0004484365938901544,-6.838310613549628e-05,8.097268694912655e-05,-0.0006142121323208089,-7.818624911190558e-05,-1.8920939030576612e-05,0.00023497039292321605,0.0002571400496337413,-0.0004869647947640239,9.654012247898593e-05,-0.00018102754869537218,-1.5272621776366504e-05,-0.0001352862957342481,0.00020530253875366373,-0.0001361492234897784,-2.7579049866812778e-05,-0.00011236504390304584,-8.409253132501359,-9.85025115057029e-05,-4.370370093257193e-05,-6.181413234376275e-05,-0.00018722533989012672,0.00034133208857947466,-5.652325974501208e-05,-0.00015781785818352358,-2.339129133670337e-05,-6.047962151841812e-05,0.00034481778762470464,0.00023492891073504155,0.0004422190064526478,-1.407698039186853e-05,0.00031589784553220517,0.004482282386423068,-5.784309957802633e-05,-1.527054828615521e-05,-9.781429922150121e-05,0.0003309282072886285,-3.729738526699512e-05,-1.297114965494357e-05,-9.610916730799684e-05,-1.5260693618404405e-05,-3.896360745598675e-05,-3.7203436418848e-05,-7.256988352550623e-05,0.0,-3.3405478164301084e-06,-8.554111935989872e-06,-0.006434183340449038,0.0
P.Mut.SMARCA4,-0.1491538404206691,-0.004726734269347553,0.006451469934603917,-0.0028360897800238836,-0.0015553380228073357,-0.0011861494446538182,0.0037514913304169816,-0.00017146979415271385,-3.768976439291513e-05,-0.0003416026312746529,-0.0003538492723306563,0.003717198959658486,-0.0007920200358166072,-0.0004962119581157454,-2.67604349165892e-05,-0.0004100607544909827,-0.0005209991041202101,-0.00037421758119265887,-5.758548446938373e-05,-0.00023183952495133353,-0.000160532493912715,-7.327593406770802,-0.00013175729427359673,-0.00013509791030257072,0.0025985656273079596,-0.00010053699781382918,-0.00012457904821341816,-0.00042715789969660173,-4.721447406131142e-05,-0.00023241083384724603,-9.130577799285316e-05,-0.0003071548736444517,0.9310792504801044,-2.5346724205556012e-05,-0.000484389924635065,-0.00019210585910116939,-0.00013364534588239824,-2.6426066588480197e-05,-0.00022355755809658608,-0.00014174089422880633,-7.325261143612287e-05,-2.180107563426851e-05,-0.00021543045715011655,-2.661426302255087e-05,-7.448341482662536e-05,-7.469534246914732e-05,-0.00017755580499975002,0.0,-4.906931223228521e-06,-1.1226862514935488e-05,-0.003795318626117876,0.0
P.Mut.SMAD3,0.0017575151210733695,0.0020970710912200682,0.002152301288279979,0.0015546994565381188,-0.0006706000887699748,-0.0009041673770776569,-0.000911061296006757,-0.00010565709709297355,-1.8624106427722012e-05,-0.00031709902074032563,-0.00017130938746835628,-0.0007706956305100073,-0.00038582691519097316,-0.00026161399660677427,-1.4826485219026965e-05,-0.00017243716433415043,-0.0002493466556797722,-0.00016798926644355562,-2.714629792557029e-05,-0.00012252425585152047,-4.503921990946412e-05,-0.00012106183330051636,-8.421904914450206,-8.193890471431876e-05,-0.00033616257574285886,-2.2747578206583464e-05,-9.048430808206246e-05,1.7875519192564382,-2.3097855564189037e-05,-9.330953604000841e-05,-1.898763096552007e-05,-0.00016310769386532656,-0.0002575895118095921,-1.3577498014291517e-05,-0.00018973139754360654,-6.532493503559172e-05,-7.591464995077205e-05,-1.4685722286847034e-05,-0.00011513136224242587,-4.97136145329236e-05,-3.4863471133057034e-05,-1.2459908141752212e-05,-0.00011502114683235592,-1.4857802384612902e-05,0.00293030028293649,-5.509016134546446e-05,-0.0001093204745318116,0.0,-1.6562190629142681e-06,-5.87877843426114e-06,0.6726883883104628,0.0
P.Mut.MAP2K4,-0.0015671822074419478,-0.0021484892887456255,-0.0013657078252387342,-0.0007585778004697399,-0.00044844513559223927,-0.0003239367459756915,-0.0005753540744980515,-7.358262842379273e-05,0.000385794830016974,-0.00011542129935925989,-0.00012542277190420145,-0.00044645405271948583,-0.00025183232660638783,-0.00018271768865644932,-9.715201795573467e-06,-0.00011667407286492098,-0.00017261918703395405,-0.00012944176567590034,-2.473904302268465e-05,-9.168855144111664e-05,-4.060817697953705e-05,-9.713861886298884e-05,-6.62875857831665e-05,-8.473897006615449,-0.0001916814076671365,-2.062935590551447e-05,-5.6641377499737824e-05,-0.00016544215287494837,-1.791203029181003e-05,0.00034873019787526896,-1.498383482480836e-05,-0.00010998775079390818,-0.00017492380815341843,0.000389547260663465,-0.000157237483855762,-5.312593933236046e-05,-3.765478277414284e-05,-9.855003203587853e-06,-9.472260148012281e-05,-3.273310485777047e-05,0.0003729130571953044,-6.3975346551511236e-06,-9.191265552007652e-05,-9.83450367388934e-06,-3.3458549597015376e-05,-3.1715500515692007e-05,-7.744031863206269e-05,0.0,8.75674325139075e-07,-1.2906220648915508e-06,-0.0036291790106501628,0.0
P.Mut.TSC2,-1.7813395558222744,0.00027602497902286374,-0.001725091505734429,-0.0026575025849148205,0.0004902820373928774,-0.0006945292429085527,1.490361134341823,-7.451121506477203e-05,-2.1446607626463896e-05,-0.00011737471494273702,-0.00013272045633022422,1.0704283402396573,0.0010780246355729568,-0.00016947263685124773,-8.93690535052597e-06,0.002481669891229397,0.0014980228596029926,0.0022973670228469867,-2.731427117337464e-05,-6.146478017622829e-05,-5.576634671194476e-05,0.001647296313067064,-8.23875411591664e-05,-6.814906468393316e-05,-7.5599404006597855,-3.697086702613512e-05,-0.00010711915037173873,-0.0001409608066699941,-2.0583175731143303e-05,-7.316367890896947e-05,-3.290121303124149e-05,-0.0001154770761611995,0.028574030554365335,-1.6338469598966526e-05,-0.00016004776201545504,-6.288120927013834e-05,-0.00020558809918858588,-8.548716746311896e-06,-8.263109607440844e-05,-0.0010943603988349806,-4.404031563094336e-05,-2.922380725171833e-05,-8.080116213564008e-05,-8.744435807993657e-06,-4.903345947680463e-05,-4.429962774299713e-05,-6.617744807283922e-05,0.0,1.612657193548895e-06,-9.265866583641939e-07,1.0482683346681372,0.0
P.Mut.BCOR,-0.000567649905063915,-0.0005350603641759172,-0.00033051762928992513,0.0005286949343281924,0.0002565597567775292,0.00033006827120972524,-0.00016141031833182148,-3.062247637226818e-05,-9.870236991664945e-06,-1.8759284958958497e-05,0.00033675372459108453,-0.00010179555448999969,0.00029045465753895844,-7.002474341890884e-05,-7.022567597616841e-06,-3.373423928915091e-05,0.0003422440516429806,-4.439107370290556e-05,-1.2055686895464654e-05,-1.4630027214821248e-05,0.00034396783095503653,-3.6642547606216136e-05,-2.4307128921207202e-05,-2.627675718747183e-05,-7.124384199646799e-05,-9.792162306927333,-2.5667319007868797e-05,-6.37389762239005e-05,-8.478745798927253e-06,-2.5944808061053875e-05,0.00034909376918726523,-4.862340198155831e-05,0.0005697051459269605,-6.614419824432037e-06,0.00042715115450890547,0.0003401273680653697,-2.165855439514638e-05,-7.2881501857902995e-06,-3.474431706739833e-05,0.000346028513189462,-1.3824061857291338e-05,-5.839656778089231e-06,-3.432154473245436e-05,-7.2208523821900675e-06,-2.0362717693395056e-05,4.28231016711514e-06,-3.15521694494866e-05,0.0,2.1178097854806494e-06,6.1939923558684585e-09,-0.0006599037874257201,0.0
P.Mut.U2AF1,0.0007374456458542131,-0.0009438251096040655,-0.0021078869265736748,-0.0013044643045735144,-0.0006747774348338943,0.953869927746948,-0.0008576871504024207,-0.0001034747216414716,-2.0272015392678606e-05,-0.00020642375546779407,-0.00019816512243493574,0.0017964443391672274,-0.0004145219644032708,-0.00026521275934214333,-1.2192662888585433e-05,-0.0001567127768355548,-0.0002653014945610359,-0.00017906670939248434,-3.268224377656909e-05,-0.00013586992197149397,-8.064719504156348e-05,-0.00012653878914353281,-9.268456795375578e-05,-8.048435206459087e-05,-0.0002688973639635443,-4.5804955840848e-05,-8.094304759996184,-0.0003496199446350734,-2.3252729484244712e-05,-0.0001666606278247125,-3.866372445559541e-05,-0.00016411617497262242,-0.0003507214011868528,-1.0267379568704115e-05,-0.00024776061378534105,-0.00010121831727244678,-6.503175000783918e-05,-1.2114947479460201e-05,-0.0001277159640006184,-6.879666004066165e-05,-4.077237903470069e-05,-8.515724027007692e-06,-0.00012461335679297335,-1.7192583517420436e-05,-4.8315311829367416e-05,-4.255321049972457e-05,-0.0001055446645378947,0.0,-2.5979351300521784e-07,-8.812112164571953e-06,0.0005319609222192869,0.0
P.Mut.SF3B1,-0.000828448005204891,-0.003038383856530555,0.00020655007921969843,-0.0008615735033319628,-0.0007375926780858681,0.003018689099287502,-0.0009520996799104441,-0.00011225704382249539,-2.6581325370835657e-05,-0.0001897960461407508,0.00024300492535406383,-0.0006934840804514667,-0.00042183390715009537,-0.0003039089196255477,-1.9398608239002926e-05,-0.0001723593442170119,-0.00025740312223891074,-0.00020244309068671837,-4.14345241957309e-05,-0.0001548119070237642,-6.866927280693513e-05,-0.00014959826905859214,-2.713113119909988e-05,-9.13523512504581e-05,-0.00026278932474068056,-3.3963173394931985e-05,-8.075070357701072e-05,-7.851800677909284,-3.380770861977908e-05,-8.56725289434403e-05,-2.732677358874103e-05,-0.00020540064519217633,-0.00027731924299299323,-1.736571815104067e-05,-0.00026575528498826905,-0.00010016835455126425,-7.854735418072543e-05,-1.9365673181310705e-05,-0.00014714176931481448,-4.652649471355072e-05,-5.029734052434918e-05,-1.545201008222949e-05,-0.0001415111028046048,-1.9536924876354014e-05,-4.9169092381778866e-05,-4.4658712987115926e-05,-0.00011466286969384473,0.0,-2.3057959901354e-06,-6.591450643614657e-06,-0.3025069101123566,0.0
P.Mut.STK11,0.00011848855297381871,0.00018527223929455373,-0.0001724406970002745,-0.00010616538934557863,-4.6110722829359875e-05,-3.9655342746824235e-05,0.00015761932835825306,0.0004108817337331141,-6.918565369094974e-06,0.0003753796611405366,-3.1265809688175685e-05,-4.680252453228347e-05,0.00035956094622404674,-2.7773282000417633e-05,-2.9609195038753264e-06,-2.8004758015525448e-05,0.0003536799178408839,-2.6188886542653725e-05,0.00035027481733274833,-1.5809019520565845e-05,-1.119319650921907e-05,-2.6084969122734275e-05,-2.0068271326220245e-05,-1.5092823613930583e-05,-4.1574896762503264e-05,-8.011034415027765e-06,-2.0336012251579488e-05,-2.2647144463348668e-05,-10.486970882315454,-2.0242990071957517e-05,-4.789894603763418e-06,-2.8807922239246183e-05,-2.809778223674495e-05,-2.246430724988102e-06,0.0004873826322329949,0.00034745127338552296,1.9714586374164263e-06,-3.390858697980253e-06,0.00034417409295869623,-1.0803178659870733e-05,0.000349564509354801,-1.5693170099901169e-06,0.00034341501147832357,-3.25842081126106e-06,-9.431161411976028e-06,-1.4341052763583894e-05,-2.2791874060016482e-05,0.0,3.102525757043743e-06,2.055044523681121e-06,-0.0003302183527386558,0.0
P.Mut.PTPRT,0.00042163124360005024,0.0014162313773946836,0.0033493136740521006,-0.0010067360469115942,-0.0005176185582674002,1.33047498749462,-0.0006303629162679077,-8.079407007507447e-05,0.00034193227983179427,-0.00016396144761240576,-0.00016261756450495072,-0.0004896990812302593,-0.0003042284534932411,-0.00019053908132466937,-1.2891692579167828e-05,-0.0001193919935492693,-0.0001979416682241198,-0.00013790207416159236,-2.7184071135340307e-05,-9.26326342959322e-05,-6.839948518279853e-05,-0.00010490665827816157,-6.725130356448932e-05,0.0002601135757092712,-0.00019782083618987713,-4.707410361452193e-05,-9.090187743031967e-05,-0.00031411601639190717,-2.147660764244784e-05,-8.395215846630364,-4.25490144312362e-05,-0.00014409970283014843,0.0023988719946726905,0.00034613617407364643,-0.00020963539263195772,-8.72723107817466e-05,-5.7189026463490725e-05,-1.2901588053307284e-05,-0.00010128802348896636,-5.90887290327057e-05,0.0006958303945191913,-1.021136273372019e-05,-9.876209525890259e-05,-1.9737488951149277e-05,-4.198329873205178e-05,-2.410689725269458e-05,-8.167552017228366e-05,0.0,1.0885217188685722e-07,-1.0982977295654001e-05,0.0016048172968482954,0.0
P.Mut.PBRM1,-0.0006825749240965855,-0.0004766186104646318,-0.0001888543467936439,0.00024888106995195976,0.00033618495155992645,0.0003702740382613022,-9.932460510775123e-05,-2.2463807660303842e-05,-7.454410357482847e-06,-2.0054327238815907e-05,0.0003507756109885029,-5.011433751610613e-05,0.0003308324436698771,-3.189246493860175e-05,-3.5549864733029983e-06,-2.279567448983854e-05,0.0003636793338829147,-2.6317664051467703e-05,-8.588818553087699e-06,-3.084102301801012e-05,0.0003476760500982433,-2.554665077408628e-05,-2.0415315865239797e-05,-1.984114021819404e-05,-1.4604442827430311e-05,0.00034964597243629413,-1.989302655559735e-05,-2.683901967691764e-05,-3.697372986265925e-06,-2.0303245503890558e-05,-10.490067320255632,-1.1227897082886365e-05,0.0005981555593579114,-3.283852457107079e-06,0.00045081927088284565,0.0003459388576793093,9.201937442746593e-06,-4.048835585217515e-06,-2.4301097619066263e-05,0.00034855602327188466,-1.0503405501901047e-05,-2.55163184280014e-06,-2.3898708368535325e-05,-3.868926296000764e-06,-1.4439043621152533e-05,-6.653942049355423e-06,-2.2808694687284696e-05,0.0,3.0270801301605736e-06,1.9143731947690955e-06,-0.00034642902520841146,0.0
P.Mut.PTPRS,0.0018037645392234706,0.0007858830744679685,0.0003132734085805176,0.0012225265523420985,-0.0007187158488095186,-0.000517993568422243,-0.0009438599235394073,-0.00010999695310572093,-2.02135824104033e-05,-0.00021159221595012145,-0.0001795637249219599,-0.0007225654548434651,-0.00041751029655260973,-0.00028320650270561367,-1.1009949764134632e-05,-0.0001727261798826964,-0.0002618802819557918,-0.00019530861530081553,-3.348610471777182e-05,-0.00015904679427946081,0.00029850166710600174,-0.00013792379140681083,-9.762138074097703e-05,-8.477813936252677e-05,-0.0002951491496753784,-2.7674086847650016e-05,-8.307592833485267e-05,-0.00025657557602529516,-2.298476675413689e-05,-9.217273449902452e-05,-1.94203232114063e-05,-8.00087781878261,-0.00026738699594670254,-9.76417189694419e-06,0.00468485748880389,-9.142053904679204e-05,-7.250262037766942e-05,-1.1030951426413549e-05,-0.0001345204483831627,-5.501137364750062e-05,-4.368656192149404e-05,-8.116901274758938e-06,-0.0001308868078937757,-1.1764382350333116e-05,-4.603618437348507e-05,-4.181775682572763e-05,-0.00011513978327408262,0.0,-6.177561982518584e-07,-2.76619727213932e-06,0.0006013924040052208,0.0
P.Mut.PTEN,-0.7162569448954952,-0.009365196491389947,0.0017729183475974687,-0.0015818469892053947,0.005860356233300783,0.6213961677522543,0.004864104784215086,-0.00013420552655544154,-3.721554952306726e-05,-0.0002981384424685353,-9.327613261770883e-05,0.0034297058699888595,-0.0004672127584827757,-0.00037856366533126025,-2.0369796090059204e-05,-0.00018835772419174078,-0.00024680643998175255,-0.0004743424255186543,-4.523794429272821e-05,-0.00019083260603695122,3.8973947759144183e-05,-0.0001774609136571057,-0.00010894921114615802,-0.00011553566834373913,-0.0006088564983697649,7.909421701485526e-05,-0.00011915385509030905,-0.0004291004642325705,-3.343297495958182e-05,0.002799211380503492,8.559234664984563e-05,-0.00021477923945409098,-7.0846904272641344,-2.6225079184422918e-05,-0.00010009874199819729,1.0774341319183206e-05,-0.00016721489545394602,-2.0080986836369736e-05,-0.00016501410950080068,3.4040719501703476e-05,-6.826733127100523e-05,-2.033797379675439e-05,-0.00015883076213494713,-2.461070853870735e-05,-6.484966831480487e-05,-5.952173341401283e-05,-0.0001410646768806531,0.0,-2.487018114686214e-06,-1.1795320318748703e-05,-0.002106984431180836,0.0
P.Mut.APC,-0.000480838475501297,-0.0002650611743867871,3.005899676738917e-05,-0.00021988291636848665,-0.00011298425047631784,-8.389437682701822e-05,-0.00015540424192549195,-3.058385401770789e-05,0.0003487024327826093,-4.617852568779114e-05,-3.555971274899356e-05,-0.00011499570794445564,-5.759787761873395e-05,-3.250284331121628e-05,-6.69051109717194e-06,-1.5640771405447287e-05,-6.751898497833734e-05,-4.2538665716851455e-05,-1.2123747971926545e-05,-3.077980690196813e-05,-1.6490831140964385e-05,-3.6200970598891785e-05,-1.9055762464933028e-05,0.00029521601540491514,-6.163732659191789e-05,-1.1071242868563693e-05,-2.5766144187440332e-05,-6.439652422178775e-05,-8.992999279820488e-06,0.00033922687951828674,-9.117131395390686e-06,-5.137951011875038e-05,-4.9585441951571016e-05,-9.795182438387057,-2.6065161101637566e-05,-1.9577284600928594e-05,-1.68633414531366e-05,-6.77822344158769e-06,-3.535762774596358e-05,-1.4479772727448781e-05,0.000344959475265882,-5.19354791855179e-06,-3.4481387650558176e-05,-6.797941563092359e-06,-2.0877192979914875e-05,9.870455293651825e-06,-3.173793431994947e-05,0.0,2.3259474518451563e-06,2.4884098522162063e-07,-0.0006593487817891393,0.0
P.Mut.ZFHX3,-9.714811777495789e-05,-0.000425142356745643,0.0005675225700227892,0.0012821990748572128,0.00011861016554343727,-6.671376105463894e-05,-0.0005886420590192856,0.00020997270616841595,-2.0286125559445e-05,0.00011920587637104025,0.00014615340779097912,-0.0005575541408938011,0.00019286007977729175,-0.00021209938996194415,0.0006098682383560665,-0.0001395921568994575,0.00034463650351468735,-0.00015771523686121424,0.00019278595714555428,-0.00010564043775129307,0.00020554842828942625,-0.00011398026625733346,-5.737119875876795e-05,-7.195485245649344e-05,-0.00021829907546928317,0.0002297931064558929,-6.808795394197412e-05,-0.00019517449529042009,0.00019643746134294832,-7.254895738581773e-05,0.00023432125248063789,0.002020185369741146,0.00034391727355729005,-1.3480221230509247e-05,-8.249973497226932,0.00043025453130117225,-6.438008518558881e-05,-1.4733749951492288e-05,0.00013138706194100873,0.00021679597263120598,0.0001854130931850393,-1.2084733433599918e-05,0.0001331502759229685,-1.5036315669891351e-05,-4.5315328342358127e-05,-3.7474241117044815e-05,-9.265714295889676e-05,0.0,-8.151031002360408e-07,-4.07016701800075e-06,-0.028669927510982293,0.0
P.Mut.ARID2,0.0001261525573934896,-7.059473695899763e-05,-0.0015424839310148558,-0.0004707267969416343,-0.0001168045896524166,9.205681883864628e-05,-0.0003966128515590799,0.0007960077804228531,-1.8765310771022564e-05,0.00025848051876859916,0.0002584363926242031,-0.0004949922410542691,0.0004808368446987534,-0.00019026999551135146,-1.4297888204027587e-05,-0.00012628226834121375,0.0006088104894825382,-0.0001412425044652678,0.00033890444544880437,-0.00011194861250395992,0.0040584127072983665,-0.00010360006443002526,-5.034733900238419e-05,-6.494696469518436e-05,-0.0001997513330145461,0.0003407573230950771,-6.164904626489261e-05,-0.00016607074415416688,0.00034163551015925633,-6.532227989959362e-05,0.00034431065894785143,-0.00014046511551464512,0.00044177246443646357,-1.2845413496571323e-05,0.0008396229604993717,-8.382573301593792,-5.847943034255385e-05,-1.4494507175509666e-05,0.0002724469956499772,0.00033042257656733156,0.0003333689924982505,-1.147062684982972e-05,0.00027476895792338774,-1.4334758869887855e-05,-4.1711276136537384e-05,0.00032851118780616285,-8.336216899929605e-05,0.0,-7.090076385078855e-07,-4.797898325595907e-06,-0.0034906033041729005,0.0
P.Mut.BRAF,-0.011951155477651356,-0.0036587682186844253,-0.0010109464597116665,-0.0005390553710653337,-0.00031983867801418936,-0.0002512985932849528,-0.0004401004685194874,-5.944513424633984e-05,-1.4000414810644372e-05,-9.88395856306926e-05,-8.240698653331486e-05,-0.00035101486373749355,-0.00019420833209971307,-0.00014662967191014225,-8.61644556713417e-06,-9.273243255755189e-05,-0.00011127283742400983,-0.00010288053375246415,-2.0584112796075138e-05,-8.537383568753867e-05,-3.7430101483222446e-05,-7.788342601776946e-05,-5.298276530959225e-05,-4.884663605623281e-05,-0.00013295188884863821,-1.763431862130329e-05,-4.6475886562983716e-05,-0.00013415936402908283,-1.4960113600716542e-05,-5.0489399644740495e-05,-1.3303511290751619e-05,-7.301261525506353e-05,-0.0001410294167196457,-7.253779941033478e-06,-0.00010580920095120037,-5.024455256032737e-05,-8.739437049289613,-8.750656313675556e-06,-7.416367835787686e-05,-3.081961104738591e-05,-2.4842440603067083e-05,-6.030985015551594e-06,-7.205005181636973e-05,-8.727847424875568e-06,-3.12226233689217e-05,-1.8696082229867465e-05,-6.232328982195487e-05,0.0,1.416316152686824e-06,-6.484524808656865e-07,-0.002183694213696081,0.0
P.Mut.MGA,3.683759986235267e-05,-6.244515668136239e-05,2.2241951418583924e-06,0.00017698184618893803,-9.751454014928357e-05,-7.338038419134202e-05,-0.00016876333800608403,-3.075218516226438e-05,-1.0061419179143972e-05,-3.425278683375025e-05,-4.242253238522033e-05,-0.0001030085042728162,-6.179180397038228e-05,-4.534483359755509e-05,-7.845632334589931e-06,-1.974668505530599e-05,-6.622230812780702e-05,-4.5836654403232584e-05,-1.2409671386165226e-05,0.00033796667824950786,-1.9498177714570763e-05,-2.946768736672583e-05,-3.229950336384514e-05,-2.6388172127815702e-05,-4.017367643403733e-05,-1.1311454364782802e-05,-2.556853989102253e-05,-6.356112492267763e-05,-1.0293846295784864e-05,-2.5450442847998207e-05,-9.802693219408392e-06,-5.0427916055709685e-05,-5.990220698004136e-05,-7.2039964767790385e-06,-6.019225811579332e-05,-1.984820726488035e-05,-2.4792641462862925e-05,-9.791233838339215,-2.560947088039396e-05,-1.7683685189366728e-05,-1.4147772378231738e-05,-6.562707196585825e-06,-2.5424021641437092e-05,-7.899763520119682e-06,-2.0376003278473714e-05,-5.352421047259365e-06,-3.1426733645872026e-05,0.0,1.8229272733593386e-06,-8.9134812752534e-07,-0.0007123070091227335,0.0
P.Mut.PREX2,0.00019404724395954487,-0.00032939644242840113,-0.001397620625794031,-0.0007737766888194112,-0.0004424276130418444,-0.00032151758978534996,-0.0003428216850605636,0.00036576882251635113,-1.4835886623683696e-05,0.0002556709377899467,-0.00012184630946317756,-0.0004482744954065541,0.00012977694527016313,-0.0001720100185566591,-7.900454489768197e-06,-0.000122661302481402,0.00021361416617053403,-0.00013047863056226094,0.0003409840486259607,-0.00010521480176303053,-4.996054615063417e-05,-9.661577749899534e-05,-6.75018739741474e-05,-5.306302907505e-05,-0.00018898577440496173,-1.9587286033152e-05,-5.6644030767942056e-05,-0.00016411305853285501,0.000343367889029057,-6.232561483157577e-05,-1.3088921001130347e-05,-0.00010676438941693276,-0.00017014951769346847,-6.460263783050976e-06,0.00036561530018324606,0.0003115646631630067,-4.6751211593718146e-05,-8.22959087020818e-06,-8.46456737515824,-4.1591332378114386e-05,0.0003361910394818498,-5.072972054256036e-06,0.000283127887758049,-8.104719310719553e-06,-2.298987416452308e-05,-2.6997029952146102e-05,-7.688314111765558e-05,0.0,9.231579155669359e-07,-7.888541042051062e-07,-0.003534966858787589,0.0
P.Mut.EPHB1,-0.15701433705446224,-0.006990170327927674,-0.0009642233568166239,-0.0002478447152481188,-7.427786702061411e-05,0.00017296995627850194,0.8667223122960379,-6.745455864983399e-05,-1.553692162575386e-05,-0.00011761949065610479,0.00027518924009250996,0.002190240623763087,0.00012506062725864653,-0.00013548775104413958,-1.1173199624343053e-05,-7.523295455699134e-05,0.0002176874075597278,-0.00020774447480556774,-2.7575180086548656e-05,-7.895767945607354e-05,0.00032997908223382066,-0.00010594972751390488,-5.7037274655211954e-05,-4.977243214689416e-05,-0.00034656035534261464,0.0003433769219398689,-4.677681869851323e-05,-0.00014172133141143137,-2.2362330002164328e-05,-4.913688486155447e-05,0.00034571204869886376,-0.00010319868911844386,0.0004539466545134289,-1.0761562900570827e-05,0.00035285839981572773,0.0003118832865164952,-4.883995490309821e-05,-1.1339350650952804e-05,-6.936776865493934e-05,-8.616796426470021,-3.226689488335708e-05,-1.1782999183206185e-05,-6.828473079715193e-05,-1.1279687087362757e-05,-3.269231485908376e-05,-1.840931593608917e-05,-6.208269463821851e-05,0.0,6.270481031558479e-07,-2.467335735505662e-06,0.002901834257735606,0.0
P.Mut.EP300,-0.0015906113516994803,-0.0004316217206620119,-0.0005527326923702155,-0.000382525057320675,0.00013760326856251452,-0.00015541312011472424,-5.407020753171756e-05,0.0007683527767047046,0.00034647701320089815,0.00032163005583795193,-7.096912175163637e-05,-0.00023300459639609522,0.0002704775509774088,-0.0001086391166092261,-3.3146694599729347e-06,-6.890846698786535e-05,0.00029464434964878155,-6.933043393873224e-05,0.0003460059458965473,-5.8889894014454424e-05,-3.447759361645016e-05,-5.7140778689161917e-05,-4.100660866548923e-05,0.000283227938240395,-9.933847230732277e-05,-1.1373906999774873e-05,-2.6154105504277394e-05,-7.608665263732835e-05,0.0003466956728863552,0.0006910832090111488,-6.153954866582461e-06,-4.9340104807773204e-05,-0.000100108916150844,0.0003482118660153868,0.00044319460570505745,0.0003317519353213973,-2.706325632827393e-05,-3.829050887319706e-06,0.00031591568502306497,-3.021811696654012e-05,-9.148892191958122,-1.5953597511467017e-06,0.000316342985513261,-3.5884196984882996e-06,-6.428407101893429e-07,-2.286102054616352e-05,-4.147721814122207e-05,0.0,2.204326681603179e-06,1.2893781379415615e-06,-0.0012440754679709375,0.0
P.Mut.ELF3,-0.0004921875341298616,-0.0005872386399990724,-0.00033260453397477495,-0.00020191406981867312,-0.00010587694442283372,-8.56425247873892e-05,0.00028059401439461316,-2.746795017839498e-05,-8.29674503081584e-06,-2.1288797026791652e-05,-4.583818589852557e-05,-0.0001047087561392826,-9.003296126898818e-05,-5.204285412101272e-05,-4.1376798724510646e-06,-4.1959159107034476e-05,0.00030182728554866334,0.00032851042574841743,-1.0965860176412538e-05,-2.7423739606764496e-05,-1.5209461076744921e-05,-3.6950223265934295e-05,-2.7058664768868178e-05,-2.14189625968307e-05,-6.50346286440759e-05,-1.0065522617768254e-05,-2.5929861095028956e-05,-4.62063724972685e-05,-5.9834538768103695e-06,-2.6570968981926027e-05,-6.718470975570441e-06,-4.309201927916148e-05,-5.0191646260180835e-05,-3.1313600271286306e-06,-4.3209604111886484e-05,-1.8147154409565752e-05,-3.453625844595639e-06,-4.303884454598746e-06,-3.549812057521309e-05,-1.3869675719612756e-05,-1.3468396522650249e-05,-9.802021716291723,-3.472476147338595e-05,-4.295632150470699e-06,-1.2985171439692976e-05,-1.7043873502949676e-05,-3.0891911441088516e-05,0.0,2.7662235537793517e-06,1.5698566270671175e-06,-0.0006648961512876832,0.0
P.Mut.KMT2B,0.00012577605805918495,-0.00031814585860476653,-0.001197952365249641,-0.0006720617507618213,-0.0003947329736181212,-0.0002894848476903926,-0.0002702628829190139,0.0003727184961995688,-1.4616531443512766e-05,0.00027816479295987014,-0.00011326007321760462,-0.00039681450054795633,0.00017751366467858379,-0.00016287637908447218,-8.347206752378017e-06,-0.00010598158924352873,0.00024846045504533154,-0.00011645769974958144,0.00034274121734635254,-8.170847730631616e-05,-3.866101920966637e-05,-8.798156398579616e-05,-6.0450672430882866e-05,-5.269548028434128e-05,-0.00017249913414229583,-1.864161886210542e-05,-5.1845748570801404e-05,-0.00014722997911258495,0.0003447151721187307,-5.692577430597312e-05,-1.2953798188321397e-05,-0.0001007288036696574,-0.0001563777919511804,-6.831873813321544e-06,0.0003856043893171865,0.0003171841899356309,-3.184124362538027e-05,-8.720620774720691e-06,0.000291514765335106,-3.1474531139502555e-05,0.0003385255836745656,-5.4984181585989e-06,-8.596466137708902,-8.583184161107387e-06,-3.0427586580619572e-05,-2.9680264383642536e-05,-7.024591213638734e-05,0.0,1.186871379800708e-06,-7.427620770140068e-07,-0.0027301134073063325,0.0
P.Mut.NOTCH1,-4.087016675422718e-05,-0.00011986708699118762,-0.00033507037191610433,-0.0001962644329415715,0.00033657010430749234,0.00030590792736150693,-0.0001367625677660169,0.00036265738063734186,-4.721623276389507e-06,-4.810466393784953e-05,-4.4053418242890414e-05,-0.0001393217275321298,-5.339286053330439e-05,-6.311936804518945e-05,-5.980017357871664e-07,-4.333332468829487e-05,-6.233611752670543e-05,-4.672802656919861e-05,-7.897789820268242e-06,-3.757140013427293e-05,-1.7299788280538637e-05,-3.660924872986292e-05,-2.8202663351377204e-05,-4.576421506317034e-06,-5.804504516318578e-05,-6.774816152709302e-06,1.3827015150335815e-06,-4.8118666003146874e-05,-2.793065588101291e-06,-2.0696904045641218e-05,-2.621726955318589e-06,-4.877137998832407e-05,-5.962742427841247e-05,9.676773523370235e-09,-5.5072809567933596e-05,-1.836228037199366e-05,-2.2576074280333978e-05,-8.454149902903552e-07,-3.540730471437718e-05,-1.4998538379537167e-05,-1.229306103077888e-05,4.998808160079409e-07,-3.4562432254037555e-05,-9.80671355550017,-1.1213414980474064e-05,-1.744352637731589e-05,-9.192755188743653e-06,0.0,2.7496387052014126e-06,2.4545506155256698e-06,-0.0006504561518117318,0.0
P.Mut.FBXW7,0.0006914873513722432,0.0005233921676125872,-0.0010059675252870343,0.0019969087562238517,-0.00033084063825333885,-0.00025024811276944494,-0.0004394036842266343,-3.736832895483282e-05,-1.0391041463844856e-05,-0.00010204123558965306,-9.91787995928702e-05,-0.0003519939097699287,-0.00019019246458491985,-0.00015073523631056756,-4.577269897686756e-06,-9.559593397504022e-05,-0.00011540595997999511,-9.924128489970383e-05,-1.690083586348691e-05,-8.119884352865474e-05,-4.2308476511775576e-05,-7.718090787794667e-05,0.0027984708429973715,-2.2606418600370085e-05,-0.00014756980198896662,-1.4707185155549162e-05,-3.788105609184132e-05,-0.00012093444222848027,-9.775216770649472e-06,-4.995450630466173e-05,-9.320061871427333e-06,-7.829863295973943e-05,-0.00013463946721900625,-3.70798383867736e-06,-0.00012330291099080587,-5.3473612182587976e-05,-3.6827913616629465e-05,-4.28544983283282e-06,-7.51522237674856e-05,-3.605926370062955e-05,-2.3708605655111994e-05,-2.6976990292101245e-06,-7.304032026361563e-05,-4.564076539788114e-06,-8.758754014967892,-2.9032225943733872e-05,-5.880704583305662e-05,0.0,1.5210942076317633e-06,5.992563447759834e-07,0.004180635653036208,0.0
P.Mut.ERBB3,-8.30594999358779e-05,-0.0003518653408501789,-0.0012126779015102778,-0.0006821390255478045,-0.000391198958725785,-0.0002902556508320214,-0.000513298486193708,0.0003283483799595104,-6.3777364716968995e-06,-0.00012801871459757462,-0.0001134312060731637,-0.00039960719456615514,-0.0002340913417916033,-0.00016922447603619873,-3.031605482461878e-06,-0.0001078264170079936,-0.0001596545327570477,-0.00011708038186742905,-1.3224989423719849e-05,-9.250819444510227e-05,-1.911053106160621e-05,-6.823014169482679e-05,-4.2353527120347994e-05,-4.5667462331214384e-05,-0.00017037927226019552,-1.0386017428510146e-05,-5.183851154459762e-05,-0.00015314861065173301,-9.758880359622843e-06,-4.7347306561862314e-05,-6.483017377174956e-06,-0.00011790259148888391,-0.00016076923525861495,-2.0925753527390316e-06,-0.0001507260567255017,0.00030925741817358914,-4.3871850611069564e-05,-2.990691265633954e-06,-6.142163879589043e-05,-1.159726274319564e-05,-1.9773320077635124e-05,-1.244514828551281e-06,-5.9176441630574454e-05,-2.986528706210546e-06,-3.894061239895161e-05,-8.588804912628683,-6.897668933090057e-05,0.0,1.2686035549570812e-07,-4.1688161523361856e-07,0.0030085917362761396,0.0
P.Mut.SOX9,-0.0003324506510776468,-0.0036534732818162175,-0.0010157731938648126,-0.0005849999063283435,0.0013407808448103395,-0.0002373048647483289,-0.0004363010227542162,-3.97658284766897e-05,-1.1367925180547975e-05,-0.00010117609015801465,-0.00010022747914889302,-0.0003506446595072958,-0.00019313839438488863,0.007929905697648319,-5.200891410137677e-06,-9.666361777136638e-05,-0.00011783990098062185,-0.00010060386762186923,-1.866744094571191e-05,-8.196312298535011e-05,-4.272885702208783e-05,-7.809928862609325e-05,-5.460344235555638e-05,-2.4156363329059293e-05,-0.00014862656909722647,-1.5400053399023533e-05,-3.9341976583102066e-05,-0.00011692870911143822,-1.1711824865734285e-05,-5.0306377714929974e-05,-9.549570998888427e-06,-7.91101387738979e-05,-0.00013797878660492456,-4.080533799398934e-06,-0.00012889320213648462,-5.366360735841381e-05,-3.749165064234069e-05,-5.576798788402068e-06,-7.585053978123764e-05,-3.63604352381202e-05,-2.436261298366559e-05,-3.044304325833147e-06,-7.36963620334609e-05,-5.370755010100434e-06,-7.753808565050535e-06,-2.8671983473977377e-05,-8.740339184033536,0.0,1.5425280299049107e-06,3.4495280566567545e-07,-0.0022070480322319633,0.0
P.Mut.ERBB4,-4.894960995943117e-05,-0.00029057163359093774,-8.114259768614835e-05,-3.8711406195942465e-05,-3.077318576606428e-05,-2.1918794349068486e-05,-2.6663184175579707e-05,-1.7363850602167216e-05,-6.564541940187164e-06,-9.139453073231408e-06,-8.17308065320424e-06,-9.903761466567965e-06,-6.678766461507897e-06,-1.5869077480005105e-05,-3.3087824203024837e-06,-1.333486489606585e-05,6.604970510697367e-06,-1.7258390353288528e-05,-7.5529082963928596e-06,-2.3352165787147996e-05,-1.4625442536766316e-05,-1.8376270184736307e-05,-1.604696598610154e-05,-1.5775411929232218e-05,5.196103957031184e-07,-7.439848588523419e-06,-1.638249753889943e-05,-6.4485691182267486e-06,-4.116383186105341e-06,-1.6222413822553598e-05,-5.43744748647975e-06,-2.507538073985698e-06,-2.6801913105587774e-05,-2.7422057740511224e-06,2.9648195859128163e-06,-1.6007970901223985e-05,1.367670464796641e-05,-3.43941307050763e-06,-1.754526262049469e-05,-1.4000885156193833e-05,-8.645703858064687e-06,-2.168011283747932e-06,-1.7370312059980373e-05,-3.4494386697198018e-06,-1.2166068060071188e-05,-5.060194723760222e-06,-1.7443928761425937e-05,-11.537722149368397,3.2441964113768306e-06,2.110318456551569e-06,-0.0001003409924750086,0.0
P.Mut.NF1,-8.902152619776329e-05,-8.849096567726431e-05,-0.00017177689136734677,-0.00010629158953551054,-4.597630394967991e-05,-3.954070190519229e-05,-8.559250453177923e-05,-1.9127687499909932e-05,-6.923804818282815e-06,-4.613004546738801e-06,-3.119755397538037e-05,-4.6655559848560035e-05,-5.5866393749600284e-05,-2.7668583559119775e-05,-3.142977731509652e-06,-2.7992501077900803e-05,-3.540899408530059e-05,-2.6110168153638795e-05,-8.819609039568157e-06,-1.5835629868833394e-05,-1.0773959974422034e-05,-2.607073510517647e-05,-2.0048592009286132e-05,-1.5068751809083343e-05,-4.153479772360574e-05,-8.26034339878715e-06,-2.031502784473618e-05,-2.177730817883703e-05,-4.834193899807257e-06,-2.023187668775383e-05,-5.451504267337972e-06,-2.878073715808384e-05,-2.805218783275566e-05,-2.303472048680469e-06,-2.1019818231761947e-05,-1.2009806886589443e-05,1.9804303828625015e-06,-3.318533351607183e-06,-2.4952463226029245e-05,-1.0066836614909316e-05,-1.0514575868042652e-05,-1.7051116283431106e-06,-2.453879261805096e-05,-3.3083239975588095e-06,-9.370590657191961e-06,-1.4333540425633663e-05,-2.2737293747930957e-05,0.0,-10.488219562275091,2.0828977808426834e-06,-0.00032311869278313506,0.0
P.Mut.FLT4,4.9032364782289594e-05,-7.20775530437698e-05,-0.00017265007595934504,0.00027883420211991433,-4.609684182235237e-05,0.000352967145438148,-8.560680990336522e-05,-1.913144729896507e-05,-6.934106836175747e-06,-4.678287593880495e-06,-3.1236351528897615e-05,-4.665455268443831e-05,-5.5821793658515955e-05,-2.7724227143803225e-05,-3.1616372834229254e-06,-2.8021619147186565e-05,-3.5464006930185183e-05,-2.610745047604683e-05,-8.841895840085348e-06,-1.5891437625331522e-05,-1.0851154409338153e-05,-2.6096290069052256e-05,-2.0088922039807178e-05,-1.5090125483966015e-05,-4.1531103797434256e-05,-8.166140206702633e-06,-2.0334923453587895e-05,-2.142552662750055e-05,-4.872448595280977e-06,-2.023876228373319e-05,-5.22834067523072e-06,-2.8920877177740892e-05,-2.799531158034546e-05,-2.3086424758226145e-06,-1.9151897730313752e-05,-1.2007432207090483e-05,1.9835080572816864e-06,-3.3045553667665315e-06,-2.4997526526203684e-05,-1.0160071492213924e-05,-1.05262813312279e-05,-1.7117721570737156e-06,-2.45828286122695e-05,-3.217954515781912e-06,-9.309771605051749e-06,-1.4341211759666114e-05,-2.2768756233828925e-05,0.0,3.1052658383835684e-06,-10.488579848177775,-0.0003243485136446521,0.0
Seeding,0.23473572374575025,0.05633920659311155,0.21360898815613588,0.0022686968358171275,0.0002523974063943696,0.24414993874719368,0.4664649626172883,-0.2926353164158075,-0.0018538287057785188,-0.11120478126916816,-0.0020302946584655696,1.514103839229836,0.000940536361449728,0.08857845585412759,-0.0008154588242899643,1.007977403355081,-0.14848100228105357,0.013062739212745977,-0.0019072139696792896,-0.001071181648518158,-0.0017192454769126132,0.0,-0.00023389512837026163,0.0020951031299773783,7.739853516072843e-05,-0.00151324421990676,-0.0006177880342802141,0.003924752559034976,-0.0012313065824502496,-0.0018192010900163552,-0.0008878522836820403,0.0001248578399479939,0.0003507477308014869,-0.0009307991667542305,-0.6863375066265802,-0.005533929693401106,0.29277736468184146,-0.0013813541411206254,0.0004336003493003223,-0.0008917115776456347,-0.002865884391331757,-0.0008964303881345495,0.0009663828386397679,-0.0012110312484596274,0.0,-0.0005923275335380752,0.0016596041337512493,0.0,-0.0004257259669598748,-0.0007416692866497018,-3.6527846728676,0.0
